,Complex<>,Type,Protein 1,NMR Model 1,Name,Protein 2,NMR model 2,Name.1,PubMed References,Text Reference,Reference location,Kd (M)<>,ΔG (kcal/mol)<>,DASA (Å²)<>,I-RMSD (Å)<>,pH,Temperature (°C),Buffer,Cofactor Unbound,Cofactor Bound,Cofactor Binding,Method,Comments,Extra Data,Corroborating Data,Affinity DB version
0,1EMV_A:B,EI,1FSJ_B,,Colicin E9 nuclease,1IMQ_A,,Im9 imμnity protein,7577967.0,"Protein-protein interactions in colicin E9 DNase-imμnity protein complexes. 2. Cognate and noncognate interactions that span the millimolar to femtomolar affinity range.Wallis R., Leung K., Pommer A., Videler H., Moore G., James R., Kleanthous C. (Biochemistry. 1995 Oct 24; 34(42):13751-9)",Table I,0.000000000000024,-18.58,1535,1.28,7,25,50 mM Mops buffer containing 200 mM NaCl,,,,Stopped-flow fluormetry,E9/Im9 cognate,"kon = 9e7, koff = 2.2e-6",,1.0
1,1DFJ_E:I,EI,9RSA_B,,Ribonuclease A,2BNH_A,,Rnase inhibitor,2271559.0,"Protein chemical and kinetic characterization of recombinant porcine ribonuclease inhibitor expressed in Saccharomyces cerevisiae.Vicentini A., Kieffer B., Matthies R., Meyhack B., Hemmings B., Stone S., Hofsteenge J. (Biochemistry. 1990 Sep 18; 29(37):8827-34)",Table 3,0.000000000000059,-18.05,2582,1.02,6,25,"50mM MES-NaOH, 125 mM NaCl, 1 mM EDTA, 0.2 mM DTT, 0.1% poly(ethylene glycol), 0.2 mg of bovine serum albumin/mL",,,,Inhibition assay (indirect-Upa Hydrolysis),,"kon=1.66e8, koff=9.8-6. Another method yielded Kd = 7.4e-14",,1.0
2,2PTC_E:I,EI,2PTN_A,,Trypsin,9PTI_A,,BPTI,5041905.0,"Trypsin-pancreatic trypsin inhibitor association. Dynamics of the interaction and role of disulfide bridges.Vincent J., Lazdunski M. (Biochemistry. 1972 Aug 1; 11(16):2967-77)",Table 1; PMID 8530403: Table II,0.00000000000006,-18.04,1429,0.28,8,25,"50mM TRIS, 50mM CaCl2, 0.2mM NaCl",,,,Inhibition assay,,"kon = 1.1e6, koff = 6.6e-8","PMID 8530403: Kd = 5.9e-13, kon = 3.7e5, spectroscopic inhibition assay, 25C, pH 7.4, 0.1 M Hepes, 0.1 M NaCl, 10 mM CaCl2, 0.1% PEG 8000",1.0
3,1UUG_A:B,EI,3EUG_A,,Uracyl-DNA glycosylase,2UGI_B,,Glycosylase inhibitor,8262921.0,"Kinetics of the uracil-DNA glycosylase/inhibitor protein association. Ung interaction with Ugi, nucleic acids, and uracil compounds.Bennett S., Schimerlik M., Mosbaugh D. (J Biol Chem. 1993 Dec 25; 268(36):26879-85)",p.26884; PMID 9261156: p.21408,<0.0000000000001,-18.0,2121,0.77,8,25,"70 mM Hepes KOH, 1mM EDTA, 1mM dithiothreitol",,,,Stopped-flow fluorescence,<1E-13 is an acceptable value,,9261156,1.0
4,1BRS_A:D,EI,1A2P_A,,Barnase,1A19_B,,Barstar,8507637.0,Directed μtagenesis and barnase-barstar recognition.Hartley R. (Biochemistry. 1993 Jun 15; 32(23):5978-84),Table V,0.0000000000002,-17.32,1555,0.42,8,25,"0.2 M ammonium acetate, 1.0 mM EDTA",,,,Fluorescence inhibition assay,Double mutant,,,1.0
5,2SNI_E:I,EI,1UBN_A,,Subtilisin,2CI2_I,,Chymotrypsin inhibitor 2,10065709.0,"Analysis of protein-protein interactions by μtagenesis: direct versus indirect effects.Otzen D., Fersht A. (Protein Eng. 1999 Jan; 12(1):41-5)",Table II,0.000000000002,-15.96,1628,0.35,8.5,25,10mM TRIS-HCl,,,,Inhibition assay,,"kon = 3.1e6, koff = 6.1e-6. Stopped-flow flurometry: Kd = 1.9e-12, kon = 5.6e6, koff = 1.06e-5",,1.0
6,1I2M_A:B,OG,1QG4_A,,Ran GTPase-GDP,1A12_A,,RCC1,7548002.0,"The kinetic mechanism of Ran--nucleotide exchange catalyzed by RCC1.Klebe C., Prinz H., Wittinghofer A., Goody R. (Biochemistry. 1995 Oct 3; 34(39):12543-52)",Fig.6,0.0000000000025,-15.83,2779,2.12,7.4,25,"30 mM Potassium phosphate, 5mM MgC12, 5mM EDTA",,,,Stopped-flow fluometry,,kon = 6.6e5 and koff < E-4. GDP: Kd = 7.7e-6. GTP: Kd = 5.6e-6.,,1.0
7,2O3B_A:B,EI,1ZM8_A,,NucA nuclease,1J57_A,,NuiA nuclease inhibitor,17138564.0,"The nuclease a-inhibitor complex is characterized by a novel metal ion bridge.Ghosh M., Meiss G., Pingoud A., London R., Pedersen L. (J Biol Chem. 2007 Feb 23; 282(8):5682-90)",Table 3,0.0000000000032,-15.68,1684,3.13,7,25,"50 mm Tris-HCl, 50 mm NaCl, 1 mm EDTA, 0.01% Triton X-100, 0.01% bovine serum albumin, and5 mm MnCl2",,,,Inhibition assay,Crystal structure is D121A mutant. Affinity is for wild-type.,,,1.0
8,1EER_A:BC,OR,1BUY_A,,Erythropoietin,1ERN_AB,,EPO receptor,12463751.0,"Glycosylation of erythropoietin affects receptor binding kinetics: role of electrostatic interactions.Darling R., Kuchibhotla U., Glaesner W., Micanovic R., Witcher D., Beals J. (Biochemistry. 2002 Dec 10; 41(49):14524-31)",Table 2; PMID 9750223: p.292; PMID 8634300: Table 2,0.0000000000037,-15.59,3347,2.44,7.4,25,"10mM HEPES, 150mM NaCl, 0.005% P20, 0.1 mg/mL bovine serum albumin",,,,SPR,EPO bound to EPOR dimer.,"kon = 2.1e7, koff = 7.8e-5","PMID 8634300 (Sedimentation equilibrium): Kd(site1) = 1.09e-6, Kd(site2) = 3.6e-10. ITC data available. PMID 9750223 (SPR): Kd = 3e-12, kon = 8.09e7, koff = 2.44e-4. PMID 10944753 (ITC, 37C): Kd =1e-11, dH = -26.6, dS = -35.",1.0
9,1PPE_E:I,EI,2PTN_A,,Trypsin,1LU0_A,,CMTI-1 squash inhibitor,8543044.0,"Synthesis, cloning and expression in Escherichia coli of a gene coding for the Met8-->Leu CMTI I--a representative of the squash inhibitors of serine proteinases.Bolewska K., Krowarsch D., Otlewski J., Jaroszewski L., Bierzynski A. (FEBS Lett. 1995 Dec 18; 377(2):172-4)",Table 1; PMID 8286341: Table 1; PMID 3977882: Fig. 1,0.000000000003,-15.56,1688,0.34,8.3,22,"100mM Tris, 20mM CaCl2, 0.01% Triton X100",,,,Spectrophotometric inhibition assay,,,"PMID 8286341: Kd = 2.5e-12, kon = 6.7e6, koff = 2.5e-5. PMID 3977882: Kd = 3.13e-12",1.0
10,1JIW_P:I,EI,1AKL_A,,Alkaline metallo-proteinase,2RN4_A(1),,Proteinase inhibitor,10770939.0,"Alkaline proteinase inhibitor of Pseudomonas aeruginosa. Interaction of native and N-terminally truncated inhibitor proteins with Pseudomonas metalloproteinases.Feltzer R., Gray R., Dean W., Pierce W. (J Biol Chem. 2000 Jul 14; 275(28):21002-9)",Table II,0.000000000004,-15.55,2018,2.07,7,25,"50 mm MOPS, pH 7.0, 5mM CaCl2, 0.001% BSA, 0.500 mM, 2.4 M NaCl",,,,Inhibition assay,,"kon = 2.5e5, koff = 1.15e-6",,1.0
11,1BVN_P:T,EI,1PIG_A,,α-amylase,1HOE_A,,Tendamistat,14715318.0,"Effect of genetic circular perμtation near the active site on the activity and stability of an enzyme inhibitor.Piervincenzi R., Chilkoti A. (Biomol Eng. 2004 Jan; 21(1):33-42)",Table I; PMID 6611258: p. 509,0.0000000000092,-15.06,2222,0.87,not stated (BIAcore standard is 7.4),25,"not stated, but BIAcore standard buffer is 10 mM HEPES, 3.4 mM EDTA, 0.001% surfactant P-20, 150mM NaCl",,,,SPR,,"Kon = 6.5e5, koff = 6.0e-6. ITC values were also calculated at 25C (in ionisible TRIS_HCl and non-ionisible HEPES buffer) and 37C (TRIS_HCl). dH_25_TRIS = -5.1, dH_37_TRIS = -10.7, dH_25_HEPES = -3.01, dS(STP) = 46, dCp(STP) = -44","PMID: 6611258: Kd = 9e-12, HPLC, 4C, pH 7.1, buffer conditions in paper",1.0
12,1IQD_AB:C,AB,1IQD_AB,,Fab - Factor VIII domain C2,1D7P_M,,Factor VIII domain C2,9657749.0,"Mechanism and kinetics of factor VIII inactivation: study with an IgG4 monoclonal antibody derived from a hemophilia A patient with inhibitor.Jacquemin M., Desqueper B., Benhida A., Vander Elst L., Hoylaerts M., Bakkus M., Thielemans K., Arnout J., Peerlinck K., Gilles J., Vermylen J., Saint-Remy J. (Blood. 1998 Jul 15; 92(2):496-506)",p.503,<0.000000000014,-15.0,1976,0.48,7.4,not stated,"10mM HEPES, containing 300mM NaCl, 5mM CaCl2, and 0.05% Tween-20",,,,SPR,,"Kon ~= 7.4e5, Koff < 1e-5",,1.0
13,3G6D_LH:A,A,3G6A_LH,,CNTO607 FAB,1IK0_A,10.0,Interleukin-13,20543007.0,"Structure-based engineering of a monoclonal antibody for improved solubility.Wu S., Luo J., O'Neil K., Kang J., Lacy E., Canziani G., Baker A., Huang M., Tang Q., Raju T., Jacobs S., Teplyakov A., Gilliland G., Feng Y. (Protein Eng Des Sel. 2010 Aug; 23(8):643-51)",Table 1. PMID 19361524: p.116,0.0000000000184,-14.65,1793,1.86,7.3,25,"D-PBS buffer, with 3 mM EDTA and 0.005% surfactant P20",,,,SPR,,,PMID 19361524: 1.5e-11 (unpublished data),2.0
14,3SGB_E:I,EI,2QA9_E,,Streptogrisin B,2OVO_A,,Ovoμcoid inhibitor third domain,3555488.0,"Covalent hybrids of ovoμcoid third domains made from one synthetic and one natural peptide chain.Wieczorek M., Park S., Laskowski M. (Biochem Biophys Res Comμn. 1987 Apr 14; 144(1):499-504)",Table 1; PMID 6414511: p.4431,0.0000000000179,-14.51,1268,0.36,8.3,22,"0.1M Tris-HCl, 0.02M CaCl2, 0.005% w/v Triton X-100",,,,Spectrophotometric inhibition assay,,,PMID 6414511: 1.667e-11 (from Ka),1.0
15,1MAH_A:F,EI,1J06_B,,Acetylcholinesterase,1FSC_A,,Fasciculin,8509385.0,"Binding of 125I-fasciculin to rat brain acetylcholinesterase. The complex still binds diisopropyl fluorophosphate.Marchot P., Khélif A., Ji Y., Mansuelle P., Bougis P. (J Biol Chem. 1993 Jun 15; 268(17):12458-67)",p.12462 ; PMID 7649979: Table I ; PMID 8157652: Table II; PMID 6530667: abstract,0.000000000025,-14.51,2145,0.61,7.5,26,"10mM Tris-HCl, 100mM NaCl, 0.1mg/ml BSA",,,,Inhibition assay,,,"PMID 7649979: Kd = 1.1e-11, kon = 2.7e7, koff = 2.9e-5 (pH 7, 23C). PMID 8157652: Kd = 6.3e-12. PMID 6530667: Ki = 1.2e-10, 37C, pH 7.4",1.0
16,1JTD_B:A,EI,3QI0_A,,BLIP-II,1BTL_A,,TEM-1 β-lactamase,11573088.0,"Crystal structure and kinetic analysis of β-lactamase inhibitor protein-II in complex with TEM-1 β-lactamase.Lim D., Park H., De Castro L., Kang S., Lee H., Jensen S., Lee K., Strynadka N. (Nat Struct Biol. 2001 Oct; 8(10):848-52)",Page 850. PMID 21775426: Tables 1 and 2.,0.0000000000272,-14.41,2180,0.44,7,25,"1nM TEM-1, 0.05 phosphate",,,,Inhibition assay,,,"PMID 21775426: ITC/sff/inhibition Kd=7.9e-13, dH=-11.9, dS=15.0, dCp=-457, kon=5.4e6, koff=4.3e-6.",2.0
17,4DN4_LH:M,A,4DN3_LH,,CNTO888 FAB,1DOL_A,,MCP-1,,Patent # WO 2009006359 A2,Table 11,0.000000000038,-14.22,1317,0.81,7.1,25,DPBS,,,,SPR,,"kon=5.2e6, koff=2.0e-4",PMID 22487721: Kd=2.2e-11 (stated without reference),2.0
18,1F34_A:B,EI,4PEP_A,,Porcine pepsin,1F32_A,,Ascaris inhibitor 3,4594130.0,"Pepsin inhibitors from Ascaris lumbricoides. Pepsin-inhibitor complex: stoichiometry of formation, dissociation, and stability of the complex.Abu-Erreish G., Peanasky R. (J Biol Chem. 1974 Mar 10; 249(5):1566-71)",Table 2; PMID 96544082: Table 1,0.0000000001,-14.19,3038,0.93,2,37,10mM HCl,,,,Spectroscopic inhibition assay,,"Kd = 5e-11, pH 5.3, pepsin milk-clotting time delay. Kd = 9.1e-10, pH 2.0, 10mM HCl, 37C, Spectrometry NAPD inhibitor assay.","PMID 9654082: 2.6e-9, pH 4.0, 0.1M sodium formate, 37C, Spectrometry inhibitor assay",1.0
19,1R0R_E:I,EI,1SCN_E,,Subtilisin carlsberg,2GKR_I,,OMTKY,7046785.0,"Thermodynamics and kinetics of single residue replacements in avian ovoμcoid third domains: effect on inhibitor interactions with serine proteinases.Empie M., Laskowski M. (Biochemistry. 1982 May 11; 21(10):2274-84)",Table 1; PMID: 9047374: Table II; PMID 12888355: Table 1,0.0000000000294,-14.17,1409,0.45,8.3,21,"0.1 M Tris-HCI, 0.005% Triton X-100, 0.02 M CaCl2",,,,Spectrophotometry,,,"PMID: 9047374, same conditions, same method and same Kd. PMID 12888355 (ITC), dH = -5.50, dS = +29.7, dCp = +263",1.0
20,1EAW_A:B,EI,1EAX_A,,Matriptase,9PTI_A,,BPTI,17475279.0,"The mechanism of inhibition of antibody-based inhibitors of membrane-type serine protease 1 (MT-SP1).Farady C., Sun J., Darragh M., Miller S., Craik C. (J Mol Biol. 2007 Jun 15; 369(4):1041-51)",Table 3,0.0000000000497,-14.06,1866,0.54,8.8,room temperature,"50 mM Tris-HCl, 50mM NaCl, 0.01% Tween-20",,,,Fluorescence inhibition assay,,,,1.0
21,3L5W_LH:I,A,3L7E_LH,,C836 FAB,1IK0_A,10.0,Interleukin-13,20226193.0,"Human framework adaptation of a mouse anti-human IL-13 antibody.Fransson J., Teplyakov A., Raghunathan G., Chi E., Cordier W., Dinh T., Feng Y., Giles-Komar J., Gilliland G., Lollo B., Malia T., Nishioka W., Obmolova G., Zhao S., Zhao Y., Swanson R., Almagro J. (J Mol Biol. 2010 Apr 30; 398(2):214-31)",Table 2.,0.000000000054,-14.01,1138,0.48,7.4,25,"PBS, 0.005% P20, 3mM EDTA",,,,SPR,,"kon=1.03e7, koff=5.57e-4",,2.0
22,1NSN_HL:S,AB,1NSN_HL,,Fab N10 - Staphylococcal nuclease,1KDC_A,,Staphylococcal nuclease,1704035.0,"The antigenic surface of staphylococcal nuclease. I. Mapping epitopes by site-directed μtagenesis.Smith A., Woodward M., Hershey C., Hershey E., Benjamin D. (J Imμnol. 1991 Feb 15; 146(4):1254-8)",Table I,<0.0000000001,-14.0,1776,0.35,not stated,not stated,not stated,,,,ELISA inhibiton assay,,,,1.0
23,1RV6_VW:X,OR,1FZV_AB,,PIGF receptor binding domain,1QSZ_A,,Flt1 protein domain 2,8822205.0,"Flt-1 but not KDR/Flk-1 tyrosine kinase is a receptor for placenta growth factor, which is related to vascular endothelial growth factor.Sawano A., Takahashi T., Yamaguchi S., Aonuma M., Shibuya M. (Cell Growth Differ. 1996 Feb; 7(2):213-21)",Fig.7C,0.00000000017,-13.86,1639,1.09,7.2,37,"10mM Hepes, 0.5% BSA, NaOH",,,,Inhibition assay,,,,1.0
24,1NB5_AP:I,EI,8PCH_A,,Cathepsin H,1DVC_A,,Stefin A,8898076.0,"Differences in specificity for the interactions of stefins A, B and D with cysteine proteinases.Lenarcic B., Krizaj I., Zunec P., Turk V. (FEBS Lett. 1996 Oct 21; 395(2-3):113-8)",Table 1,0.000000000069,-13.86,1802,1.58,7,25,"100mM phosphate buffer, 2mM dithiothreitol, 1.5mM EDTA",,,,Inhibition assay,,"kon = 5.04e6, koff = 3.5e-4",,1.0
25,2SIC_E:I,EI,1SUP_A,,Subtilisin,3SSI_A,,Streptomyces subtilisin inhibitor,32173.0,"Direct fluorometric determination of a dissociation constant as low as 10(-10) M for the subtilisin BPN'--protein proteinase inhibitor (Streptomyces subtilisin inhibitor) complex by a single photon counting technique.Uehara Y., Tonoμra B., Hiromi K. (J Biochem. 1978 Nov; 84(5):1195-202)",Fig.4; PMID 8276767: Fig. 1,0.0000000000712,-13.84,1617,0.36,7,25,PBS 0.1mM NaCl,,,,Fluorescence titration,,,"PMID 8276767 (stopped-flow flurometry): Kd = 1.8e-11, pH 7, 25C, 25mM phosphate buffer. kon = 6.5e6, koff = 9e-5",1.0
26,1EZU_C:AB,EI,1TRM_A,,D102N Trypsin,1ECZ_AB,,Y69F D70P Ecotin,9642073.0,"Ecotin: a serine protease inhibitor with two distinct and interacting binding sites.Yang S., Wang C., Gillmor S., Fletterick R., Craik C. (J Mol Biol. 1998 Jun 19; 279(4):945-57)",Table 2,0.00000000008,-13.77,2751,1.21,8,25,"50 mM NaCl, 50 mM Tris, 10 mM CaCl2",,,,Spectroscopic inhibition assay,"The bound and the unbound trypsin are mutants, but the unbound ecotin is wild type (Kd = 9.3e-10)",,,1.0
27,1JPS_HL:T,A,1JPT_HL,,Fab D3H44,1TFH_B,,Tissue factor,11307801.0,"Generation of a humanized, high affinity anti-tissue factor antibody for use as a novel antithrombotic therapeutic.Presta L., Sims P., Meng Y., Moran P., Bullens S., Bunting S., Schoenfeld J., Lowe D., Lai J., Rancatore P., Iverson M., Lim A., Chisholm V., Kelley R., Riederer M., Kirchhofer D. (Thromb Haemost. 2001 Mar; 85(3):379-89)",p. 386,0.0000000001,-13.64,1852,0.51,7.2,room temperature,"PBS-0.5% BSA, 0.05% Tween20",,,,SPR,,"kon = 9.8e5, koff = 1e-4",,1.0
28,1P2C_AB:C,A,2Q76_AB,,FabF10.6.6,3LZT_A,,HEW lysozyme,14988501.0,"Structural mechanism for affinity maturation of an anti-lysozyme antibody.Cauerhff A., Goldbaum F., Braden B. (Proc Natl Acad Sci U S A. 2004 Mar 9; 101(10):3539-44)",Table 1,0.000000000102,-13.63,1456,0.46,not stated,25,"PBS, 0.05% Tween 20",,,,SPR,,,"kon = 4.21e4, koff = 2.92e-3, dH = -18.26, dS = +15.9",1.0
29,2W9E_HL:A,A,2W9D_HL,,ICSM 18 FAB fragment,1QM1_A,,Prion protein fragment,19204296.0,"Crystal structure of human prion protein bound to a therapeutic antibody.Antonyuk S., Trevitt C., Strange R., Jackson G., Sangar D., Batchelor M., Cooper S., Fraser C., Jones S., Georgiou T., Khalili-Shirazi A., Clarke A., Hasnain S., Collinge J. (Proc Natl Acad Sci U S A. 2009 Feb 24; 106(8):2554-8)",Table S1,0.00000000013,-13.49,1677,1.13,9.6,,bicarbonate buffer,,,,ELISA,,,,2.0
30,2VDB_A:B,OX,3CX9_A,,Serum albumin,2J5Y_A,,Peptostreptococcalalbumin-binding protein,8900134.0,"Protein PAB, an albumin-binding bacterial surface protein promoting growth and virulence.de Château M., Holst E., Björck L. (J Biol Chem. 1996 Oct 25; 271(43):26609-15)",Fig.10,0.00000000015,-13.4,1807,0.47,not stated (7.5 assumed),ambient,"PBS 0.02% NaN3, 0.5% Tween 20",,,,Radioligand inhibition assay,,,,1.0
31,2J0T_A:D,EI,966C_A,,MMP1 Intersitial collagenase,1D2B_A(20),,Metalloproteinase inhibitor 1,12515831.0,"Protein engineering of the tissue inhibitor of metalloproteinase 1 (TIMP-1) inhibitory domain. In search of selective matrix metalloproteinase inhibitors.Wei S., Chen Y., Chung L., Nagase H., Brew K. (J Biol Chem. 2003 Mar 14; 278(11):9831-4)",Table 1,0.0000000004,-13.34,1471,1.23,7.5,37,"50 mm Tris-HCl, 0.15 m NaCl, 10 mmCaCl2, 0.02% Brij 35",,,,Fluorescence inhibition assay,,,,1.0
32,1GL1_A:I,EI,4CHA_ABC,,Chymotrypsin,1PMC_A(6),,PMP-C (LCMI II),7592720.0,"Serine protease inhibition by insect peptides containing a cysteine knot and a triple-stranded β-sheet.Kellenberger C., Boudier C., Berμdez I., Bieth J., Luu B., Hietter H. (J Biol Chem. 1995 Oct 27; 270(43):25514-9)",Table 2; PMID 1472051: Table 1,0.0000000002,-13.23,1595,1.2,8,25,"50mM Tris, 20mM CaCl2",,,,Inhibition assay,,"kon = 8.00e5, koff = 1.62e-4. Synthetic construct: Ki = 1.3e-10, kon = 7.5e5, koff = 1.0e-4","PMID 1472051 (50mM Tris buffer, 20mM CaCl2, pH 8, 25C, inhibition assay, conditions in 1910340): Ki = 2.5e-10",1.0
33,1AY7_A:B,EI,1RGH_B,,Rnase SA,1A19_B,,Barstar,,"Protein and Peptide Letters, Vol. 3, No. 4, p225-231",Table 1,0.0000000002,-13.23,1237,0.54,8,not stated,"0.2M ammonium acetate, 1mM NaEDTA",,,,Fluorescence inhibition assay,non cognate (see 1BRS),,,1.0
34,1FSK_BC:A,AB,1FSK_BC,,Fab - Birch pollen antigen Bet V1,1BV1_A,,Birch pollen antigen Bet V1,,Personal Comμnication,PERSONAL COMMUNICATION,0.00000000024,-13.12,1623,0.45,7.4,25,HBS-EP biacore buffer,,,,SPR,"Personal Communication with J�rgen Nedergaard Larsen on 24-8-2010, manuscript in preperation","kon=1.0E5 , koff=2.5E-5",,1.0
35,1T6B_X:Y,OR,1ACC_A,,Anthrax protective antigen,1SHU_X,,Anthrax toxin receptor,15044490.0,"Binding stoichiometry and kinetics of the interaction of a human anthrax toxin receptor, CMG2, with protective antigen.Wigelsworth D., Krantz B., Christensen K., Lacy D., Juris S., Collier R. (J Biol Chem. 2004 May 28; 279(22):23349-56)",Table I,0.00000000017,-13.1,1948,0.62,8,20,,Mg,Mg,Mg,Stopped-flow fluorescence,,"kon = 5.3e4, koff = 9.2e-6. SPR with Ca, kon = 8.1e4, koff = 4e-5, Kd = 5e-10. FRET with Ca: kon = 1.1e5,koff = 8.4e-5, Kd = 7.8e-10. Without cation: 9.6e-7",,1.0
36,1HCF_AB:X,OR,1B98_AM,,Neurotrophin-4,1WWB_X,,TrkB-d5 growth factor receptor,11855816.0,"A discrete domain of the human TrkB receptor defines the binding sites for BDNF and NT-4.Naylor R., Robertson A., Allen S., Sessions R., Clarke A., Mason G., Burston J., Tyler S., Wilcock G., Dawbarn D. (Biochem Biophys Res Comμn. 2002 Mar 1; 291(3):501-7)",p.503,0.00000000026,-13.08,2146,0.88,7.4,not stated,"0.01M Hepes, 150mM NaCl, 3mM EDTA, 0.005% polysorbate 20",,,,SPR,,,,1.0
37,1ACB_E:I,EI,4CHA_ABC,,Chymotrypsin,1EGL_A,,Eglin C,3071573.0,"Binding of the recombinant proteinase inhibitor eglin c from leech Hirudo medicinalis to human leukocyte elastase, bovine α-chymotrypsin and subtilisin Carlsberg: thermodynamic study.Ascenzi P., Amiconi G., Menegatti E., Guarneri M., Bolognesi M., Schnebli H. (J Enzyme Inhib. 1988; 2(3):167-72)","Table 1, calculated from Ka; PMID 1741752: p.31",0.0000000002,-13.05,1544,1.08,8,21,0.1M PBS,,,,Spectrophotometric inhibition assay,calculated from Ka,"DG(STP) = -13.0, dH(STP) = +2.0, dS(STP) = +51. Data at different pH values available","PMID 1741752: Kd = 4e-13, (50mM Hepes, 100mM NaCl, pH 7.4, 25C): has stop-flow, spectrometric and gel values. Kon = 4e6 and koff = 1.6e-6. Also has values at many various temperatures and pH values.",1.0
38,4G6M_HL:A,A,4G6K_HL,,Gevokizumab antibody fragment,4I1B_A,,Interleukin-1 β,23041424.0,"One target-two different binding modes: structural insights into gevokizumab and canakinumab interactions to interleukin-1β.Blech M., Peter D., Fischer P., Bauer M., Hafner M., Zeeb M., Nar H. (J Mol Biol. 2013 Jan 9; 425(1):94-111)","Table 4. PMID 24194526: Table 1. PMID 21048425: Figure 1, Table 1.",0.00000000029,-13.01,1673,0.49,7.4,25,"50 mM sodium phosphate buffer, 150 mM sodium chloride, 0.05% Tween 20",,,,Thermophoresis,,,"PMID 24194526: SPR, Kd<7.3e-9, kon~=5.6e5, koff~=4.41e-6. PMID 21048425: SPR, Kd<4e-12, kon=1.7e6, koff<6.3e-6 , kinetic exchange Kd=3e-13.",2.0
39,1PXV_A:C,EI,1X9Y_A,,Staphylococcus aureus cystein protease,1NYC_A,,Cystein protease inhibitor,17261086.0,"The staphostatin family of cysteine protease inhibitors in the genus Staphylococcus as an example of parallel evolution of protease and inhibitor specificity.Dubin G., Wladyka B., Stec-Niemczyk J., Chmiel D., Zdzalik M., Dubin A., Potempa J. (Biol Chem. 2007 Feb; 388(2):227-35)",Table 2,0.00000000031,-12.97,2336,2.63,7.8,not stated,"50 mM Tris-HCl, 2mM EDTA, 5mM DTT",,,,Inhibition assay,,,,1.0
40,2I9B_E:A,OR,1YWH_A,,Urokinase plasminogen activator surface receptor,2I9A_A,,Urokinase-type plasminogen activator,15003263.0,"Characterization of low-glycosylated forms of soluble human urokinase receptor expressed in Drosophila Schneider 2 cells after deletion of glycosylation-sites.Gårdsvoll H., Werner F., Søndergaard L., Danø K., Ploug M. (Protein Expr Purif. 2004 Apr; 34(2):284-95)",Table II; PMID 15003263: Table III,0.00000000033,-12.93,2382,3.79,7.4,25,"PBS, 0.005% Tween 20",,,,SPR,Crystal structure is a mutant,"kon = 6.3e6, koff = 2.1e?3","PMID 15003263 (SPR): Kd = 9.6e-10, kon = 1.19e5, koff = 1.14e-4, same μtant as crystal structure",1.0
41,1JTG_B:A,EI,3GMU_B,,β-lactamase inhibitor protein,1ZG4_A,,β-lactamase TEM-1,9890878.0,"Biophysical characterization of the interaction of the β-lactamase TEM-1 with its protein inhibitor BLIP.Albeck S., Schreiber G. (Biochemistry. 1999 Jan 5; 38(1):11-21)","Table 1; PMID 9891008: Table I, Fig4; PMID 10772866: Table 1",0.0000000004,-12.82,2600,0.49,7.5,25,"50nM NaCl, 25mM Tris-HCl",,,,SPR,,"kon = 3.1e5, koff = 1.2e-4. Same conditions, Kd = 3e-10 (fluorescence quench titration) and Ki = 4e-10 (enzyme inhibition). Different condition: 25C, 10mM Hepes, 3.4mM EDTA, 150mM NaCl, 0.05% surfactant P20, pH 7.4, Kd = 2.8e-9 SPR, kon = 1.19e5, koff = 3.3e-4, Ki = 2.3e-9","PMID 9891008 (inhibition assay): Kd = 1.1e-10, 25C, pH 7, 50mM phosphate buffer. PMID 10772866 (SPR): Kd = 6.83e-9, kon = 4.1e4, koff = 2.8e-4, 25C, pH 7.4, 10 mM Hepes, 3.4 mM EDTA, 150 mM NaCl, 0.05% surfactant P20.",1.0
42,1K5D_AB:C,OG,1RRP_AB,,Ran GTPase,1YRG_B,,Ran GAP,14585972.0,"Biochemical characterization of the Ran-RanBP1-RanGAP system: are RanBP proteins and the acidic tail of RanGAP required for the Ran-RanGAP GTPase reaction?Seewald M., Kraemer A., Farkasovsky M., Körner C., Wittinghofer A., Vetter I. (Mol Cell Biol. 2003 Nov; 23(22):8124-36)",Fig.13,0.0000000003,-12.77,2527,1.19,7.5,20,"100mM Tris-HCl, 5% glycerol, 5mM MgCl2, 5mM dithioerythritol",GNP/Mg,GNP/Mg,GNP/Mg,Stopped-flow fluorescence,"Kd is for Ran.GDPnP:RanBP1 at saturating RanGAP. Without RanGAP, Fig. 4 states Kd = 1e-9. If RanBP1 binding improves affinity of Ran:RanGAP by a factor 3.5, binding RanGAP must have the same effect on the affinity for RanBP, hence Kd=3E-10.",,,1.0
43,1WDW_BD:A,ER,1V8Z_AB,,Tryptophan synthase β chain 1,1GEQ_A,,Tryptophan synthase α chain,12643278.0,"Stiμlated interaction between and subunits of tryptophan synthase from hyperthermophile enhances its thermal stability.Ogasahara K., Ishida M., Yutani K. (J Biol Chem. 2003 Mar 14; 278(11):8922-8)",Table 1,0.0000000025,-12.72,3159,1.29,7,50,"50 mm potassium phosphate buffer, 1 mm EDTA, 0.1 mm DTT, 0.02 mm PLP",,,,ITC,Assumes non-cooperative binding.,"dH = -10.5, dS = +28.8. At 35C: Kd = 1.43e-8, dH = -2.25, dS = +120. Affinity at different temperatures available.",,1.0
44,2NYZ_AB:D,OR,1MKF_AB,,Viral chemokine binding p. M3,1J9O_A,,Chemokine XCL1,18070938.0,"Dual GPCR and GAG mimicry by the M3 chemokine decoy receptor.Alexander-Brett J., Fremont D. (J Exp Med. 2007 Dec 24; 204(13):3157-72)",Table IV,0.0000000005,-12.69,2160,2.09,7.4,25,"20 mM Hepes, 150 mM NaCl, and 0.005% Triton X-100",,,,SPR,,"Kd(from kon/koff) ~= 6e-10, kon ~= 1e8, koff ?= 6e-2. Dependance of affinity on ionic strength is available in paper.",,1.0
45,2VXT_HL:I,A,2VXU_HL,,Murine reference antibody 125-2H FAB,1J0S_A,6.0,Interleukin-18,12759435.0,"IL-18 receptor β-induced changes in the presentation of IL-18 binding sites affect ligand binding and signal transduction.Wu C., Sakorafas P., Miller R., McCarthy D., Scesney S., Dixon R., Ghayur T. (J Imμnol. 2003 Jun 1; 170(11):5571-7)",Table 1,0.000000000533,-12.65,2163,1.33,,,HBS,,,,SPR,,"kon=1.09e3, koff=5.32e-5",,2.0
46,4FQI_HL:ABEFCD,A,4FQH_HL,,CR9114 FAB,2FK0_ABCDEF,,H5N1 influenza virus hemagglutinin,22878502.0,"Highly conserved protective epitopes on influenza B viruses.Dreyfus C., Laursen N., Kwaks T., Zuijdgeest D., Khayat R., Ekiert D., Lee J., Metlagel Z., Bujny M., Jongeneelen M., van der Vlugt R., Lamrani M., Korse H., Geelen E., Sahin Ö., Sieuwerts M., Brakenhoff J., Vogels R., Li O., Poon L., Peiris M., Koudstaal W., Ward A., Wilson I., Goudsmit J., Friesen R. (Science. 2012 Sep 14; 337(6100):1343-8)",Figure S17,0.0000000009,-12.55,1459,1.08,7.4,30,"PBS, 0.01% BSA, 0.002% Tween 20",,,,BLI,,,,2.0
47,1AVX_A:B,EI,1QQU_A,,Porcine trypsin,1BA7_B,,Soybean trypsin inhibitor,,"Jacob Lebowitz, Michael Laskowski Jr. Biochemistry, 1962, 1 (6), pp 1044-1055",Table 2; PMID 4472048 : p.4225; PMID 4673873: Table 1; PMID 14953437: not stated.,0.00000000048,-12.5,1585,0.47,8.3,20,,,,,Potentiometric,Extrapolated from unusual method.,,"Personal comμnication and PMID 4472048: Kd = 1e-11. PMID 4673873 (ITC): Kd = 1e-9, 25C pH 5.0, dH=+0.0086, dS=+69.8, dCp=-0.442, with some corroborating data PMID 14953437.",1.0
48,1WEJ_HL:F,A,1QBL_HL,,Fab E8,1HRC_A,,Cytochrome C,2993413.0,"Monoclonal antibodies to horse cytochrome c expressing four distinct idiotypes distribute among two sites on the native protein.Carbone F., Paterson Y. (J Imμnol. 1985 Oct; 135(4):2609-16)",p.2611; PMID 7539913: Table I,0.000000000714,-12.48,1177,0.31,not stated,not stated,PBS,,,,Spectroscopic inhibition assay,"From Ka, p2611.",,"PMID 7539913 (ITC, 25C, PBS): dH = -9.5, dS = +3.7, dCp = -165",1.0
49,1KXP_A:D,OX,1IJJ_B,,Actin,1KW2_B,,Vitamin D binding protein,2910852.0,"Interactions among serum vitamin D binding protein, monomeric actin, profilin, and profilactin.Mc Leod J., Kowalski M., Haddad J. (J Biol Chem. 1989 Jan 15; 264(2):1260-7)",Table 2,0.0000000009,-12.34,3341,1.12,7.4,25,"10 mM Tris-HC1, 0.5 mM ATP, 0.1 mMEDTA, 0.2 mM CaCI2, 0.1 mM dithiothreitol, 0.1 mM NaN3",ATP/Mg,ATP/Mg,ATP/Ca,Inhibition assay,,"Data at different temperatures, pH and ionic strength available",,1.0
50,2VIR_AB:C,A,1GIG_LH,,Fab,2HMG_AB,,Flu virus hemagglutinin,9461077.0,"Antigen distortion allows influenza virus to escape neutralization.Fleury D., Wharton S., Skehel J., Knossow M., Bizebard T. (Nat Struct Biol. 1998 Feb; 5(2):119-23)",Table 1,0.000000001,-12.28,1263,0.8,not stated (BIAcore standard is 7.4),25,"not stated, but BIAcore standard buffer is 10 mM HEPES, 3.4 mM EDTA, 0.001% surfactant P-20, 150mM NaCl",,,,SPR,"2HMG has residues 1-328 and 346-520, whereas 2VIR contains only 43-309","kon = 1.1e5, koff = 1.1e-4 (calculated)",,1.0
51,2I25_N:L,A,2I24_N,,Shark single domain antigen receptor,3LZT_A,,HEW lysozyme,16446445.0,"First molecular and biochemical analysis of in vivo affinity maturation in an ectothermic vertebrate.Dooley H., Stanfield R., Brady R., Flajnik M. (Proc Natl Acad Sci U S A. 2006 Feb 7; 103(6):1846-51)",Table 1,0.000000001,-12.28,1425,1.21,7.4,25,"10 mM HEPES, 0.15 M NaCl, 3.4 mM EDTA, 0.005% surfactant P20",,,,SPR,,"kon = 9e4, koff = 1e-4",,1.0
52,1OC0_A:B,ER,1B3K_A,,Plasminogen activator inhibitor-1,2JQ8_A(4),,Vitronectin Somatomedin B domain,12808446.0,"How vitronectin binds PAI-1 to modulate fibrinolysis and cell migration.Zhou A., Huntington J., Pannu N., Carrell R., Read R. (Nat Struct Biol. 2003 Jul; 10(7):541-4)",p.541; corroborating not available,0.000000001,-12.28,1313,1.0,not stated,not stated,not stated,,,,Fluorescence titration,"N150H, K154T, Q319L, M354I mutant for both crystal structure and affinity.",,"Similar affinity to wild type: Fibrinolysis and Proteolysis Volume 14, Issue 1, January 2000, Pages 47-57",1.0
53,1FLE_E:I,EI,9EST_A,,Elastase,2REL_A(4),,Elafin,2394696.0,"Elafin: an elastase-specific inhibitor of human skin. Purification, characterization, and complete amino acid sequence.Wiedow O., Schröder J., Gregory H., Young J., Christophers E. (J Biol Chem. 1990 Sep 5; 265(25):14791-5)",Table 1; PMID 15182352: Table 1; PMID 1627147: Table 1,0.000000001,-12.28,1771,1.02,7.5,room temperature,"100 mM HEPES-NaOH, pH 7.5, 500mM NaCl, 10% Me2SO",,,,Inhibition assay,,,"PMID 15182352 (50mM Hepes, 100mM NaCl, 25C): Ki = 7.5e-10. PMID 1627147 (100 mM HEPES-NaOH, pH 7.5, 500mM NaCl, 37C): Ki = 1e-9 and Ki = 6e-9.",1.0
54,2GAF_D:A,ER,3OWG_A,,Poly(A) polymerase VP55,1VPT_A,,Vaccinia protein VP39,7602140.0,"Stable chelating linkage for reversible immobilization of oligohistidine tagged proteins in the BIAcore surface plasmon resonance detector.Gershon P., Khilko S. (J Imμnol Methods. 1995 Jun 14; 183(1):65-76)",Page 74.,0.0000000012,-12.17,3368,0.69,7,,"10 mM Hepes-NaOH, 150 mM NaCl, 0.005% Tween 20",,,,SPR,,"kon=2.0e5, koff=2.4e-4",,2.0
55,2B42_A:B,EI,2DCY_A,,Xylanase,1T6E_X,,Xylanase inhibitor,16279951.0,"His374 of wheat endoxylanase inhibitor TAXI-I stabilizes complex formation with glycoside hydrolase family 11 endoxylanases.Fierens K., Gils A., Sansen S., Brijs K., Courtin C., Declerck P., De Ranter C., Gebruers K., Rabijns A., Robben J., Campenhout S., Volckaert G., Delcour J. (FEBS J. 2005 Nov; 272(22):5872-82)",p.5875,0.00000000107,-12.11,2520,0.72,5,22,100 mM sodium acetate,,,,SPR,"Lower affinity binding has been reported, see PMID 14871662)","kon = 3.61e5, koff = 3.6e-4",,1.0
56,2GOX_A:B,OX,1C3D_A,,C3D,2GOM_A,,Staphylococcus aureus Efb-C,18687868.0,"Electrostatic contributions drive the interaction between Staphylococcus aureus protein Efb-C and its complement target C3d.Haspel N., Ricklin D., Geisbrecht B., Kavraki L., Lambris J. (Protein Sci. 2008 Nov; 17(11):1894-906)",Table 2; PMID 17351618: Table 2,0.0000000014,-12.08,1631,0.6,7.4,25,"10 mM sodium phosphate, 150 mM sodium chloride, 0.005% Tween-20",,,,SPR,,"kon = 4.04e5, koff = 5.63e-4, ITC: Kd = 2e-9, dH = -8.5, dS = 11.4","PMID 17351618: Kd = 2.8e-9, kon = 3.6e4, koff = 9.9e-5 NB) This is for the whole C3, not just C3d",1.0
57,1IBR_A:B,OG,1QG4_A,,Ran GTPase-GDP,1F59_A,,Importin β,10995230.0,"Different structural and kinetic requirements for the interaction of Ran with the Ran-binding domains from RanBP2 and importin-β.Villa Braslavsky C., Nowak C., Görlich D., Wittinghofer A., Kuhlmann J. (Biochemistry. 2000 Sep 26; 39(38):11629-39)",p.11634; PMID 8896452: p.5588,0.000000001,-12.07,3370,2.54,7.4,20,"20 mM KPi, 5 mM MgCl2, 1 mM DTE, and 0.1 g/L BSA",GDP/Mg,GNP/Mg,GNP/Mg,Fluorescence titration,,,"PMID 8896452 (inhibition assay): Kd = 3e-10, GTP/Mg",1.0
58,1ATN_A:D,OX,1IJJ_B,,Actin,3DNI_A,,Dnase I,6244947.0,"The interaction of bovine pancreatic deoxyribonuclease I and skeletal μscle actin.Mannherz H., Goody R., Konrad M., Nowak E. (Eur J Biochem. 1980 Mar; 104(2):367-79)",Fig.11 & p.374; PMID 17397792: Table 1; PMID 3335517: p.639,0.000000002,-12.07,1774,3.28,8,30,"10 mM Tris-HCl, 1mM MgCl2, 0.1 mM CaCl2",ATP/Mg,ATP/Ca,ATP/Ca/Mg,Spectrophotometric inhibition assay,,"Kon = 1e6, koff = 2e-3","PMID 17397792: Chicken actin, Ca-ATP α G-actin Kd = 5.81nM, pH 8, buffer in paper, no temperature given. PMID 3335517: Kd = 0.8nM, Rabbit α G-actin (ATP, prepared with Ca), inhibition assay, 20C, pH 7.5, buffer in paper.",1.0
59,1ZLI_A:B,EI,1KWM_A,,Carboxypeptidase B,2JTO_A(6),,Tick carboxypeptidase inhibitor,15561703.0,"A carboxypeptidase inhibitor from the tick Rhipicephalus bursa: isolation, cDNA cloning, recombinant expression, and characterization.Arolas J., Lorenzo J., Rovira A., Castellà J., Aviles F., Sommerhoff C. (J Biol Chem. 2005 Feb 4; 280(5):3441-8)",Table I,0.0000000013,-12.04,2087,2.53,7.5,23,"50mM Tris-HCl, 100 mm NaCl",,,,Inhibitor assay,,,,1.0
60,2OUL_A:B,EI,3BPF_A,,Falcipain 2,2NNR_A,,Chagasin,17502099.0,"The structure of chagasin in complex with a cysteine protease clarifies the binding mode and evolution of an inhibitor family.Wang S., Pandey K., Scharfstein J., Whisstock J., Huang R., Jacobelli J., Fletterick R., Rosenthal P., Abrahamson M., Brinen L., Rossi A., Sali A., McKerrow J. (Structure. 2007 May; 15(5):535-43)",Table 1,0.0000000017,-11.96,1933,0.53,5.5,not stated,8 mM DTT,,,,Inhibition assay,,,,1.0
61,3EOA_LH:I,A,3EO9_LH,,Efalizumab FAB fragment,3F74_A,,Integrin α-L I domain,19258452.0,"Efalizumab binding to the LFA-1 αL I domain blocks ICAM-1 binding via steric hindrance.Li S., Wang H., Peng B., Zhang M., Zhang D., Hou S., Guo Y., Ding J. (Proc Natl Acad Sci U S A. 2009 Mar 17; 106(11):4349-54)",Figure S1,0.0000000022,-11.81,1272,0.39,7.4,25,"PBS, 1mM Mg(2+),",,,,SPR,,,PMID 8943405: cell binding apparant Kd=1.1e-10 to 1.8e-10,2.0
62,2OZA_B:A,OX,3HEC_A,,MAP kinase 14,3FYK_X,,MAP kinase-activated protein kinase 2,15287722.0,"Catalysis and function of the p38 α.MK2a signaling complex.Lukas S., Kroe R., Wildeson J., Peet G., Frego L., Davidson W., Ingraham R., Pargellis C., Labadia M., Werneburg B. (Biochemistry. 2004 Aug 10; 43(31):9950-60)",Table 1,0.0000000025,-11.73,6254,1.89,8,25,"50 mM Tris-HCl, 100 mM NaCl, 0.01% BSA, 0.01% CHAPS, and 500 �M TCEP.",,,,SPR,"Paper has ITC, SPR, stopped-flow fluorescence and inhibition assays in different conditions.","Stopped-flow fluoresence (200mM NaCl, pH 7.0, 22C): kon = 8.1e7, koff = 8e-2, Kd = 1.0e9. ITC (200mM NaCl, pH 7.0, 25C): dH = -17.2, dS = -21.1",,1.0
63,2ABZ_B:E,EI,3I1U_A,,Carboxypeptidase A1,1ZFI_A(1),,Leech carboxypeptidase inhibitor,16126224.0,"Study of a major intermediate in the oxidative folding of leech carboxypeptidase inhibitor: contribution of the fourth disulfide bond.Arolas J., Popowicz G., Bronsoms S., Aviles F., Huber R., Holak T., Ventura S. (J Mol Biol. 2005 Sep 30; 352(4):961-75)",Table II; PMID 9830043: Table I,0.0000000028,-11.67,1447,0.9,7.5,"not stated, probably 25","50 mM Tris-HCl buffer, 100mM NaCl",,,,Spectroscopic inbition assay,,,"PMID 9830043: Ki = 2.5e-10 to 4.8e-10, 500mM NaCl, 'room temperature', pH 7.5.",1.0
64,1DQJ_AB:C,A,1DQQ_CD,,Fab Hyhel63,3LZT_A,,HEW lysozyme,10828942.0,"Three-dimensional structures of the free and antigen-bound Fab from monoclonal antilysozyme antibody HyHEL-63(,).Li Y., Li H., Smith-Gill S., Mariuzza R. (Biochemistry. 2000 May 30; 39(21):6296-309)",Table II; PMID 12515535: Table II,0.0000000028,-11.67,1765,0.75,7.5,25,"Hepes-buffered saline (HBS) containing 150 mM NaCl, 0.005% Surfactant P-20 (Pharmacia), and 10 mM Hepes",,,,SPR,,,"PMID 12515535 (SPR, same conditions):",1.0
65,3S9D_B:A,OR,1N6U_A,15.0,IFNAR2,1ITF_A,9.0,IFNa2,10984492.0,"New structural and functional aspects of the type I interferon-receptor interaction revealed by comprehensive μtational analysis of the binding interface.Piehler J., Roisman L., Schreiber G. (J Biol Chem. 2000 Dec 22; 275(51):40425-33)",Table 1. PMID 16479007: Table 1. PMID 11698684: Table S2. PMID 10339405: Table 1. PMID 10556041: Table 1. PMID 16171819: Table 1. PMID 17310065: Table 1.,0.000000003,-11.63,1841,1.69,7.5,,"20 mM HEPES, 150 mM NaCl, and 0.01% Triton X-100",,,,Reflectometric interference spectroscopy,"IFNa2 triple mutant, with mutations in IFNAR1 binding site, not IFNAR2 site.","kon=3.7e6, koff=1.1e-2","PMID 16479007: Kd=5e-9, kon=3e6, koff=1.5e-2. PMID 11698684: Kd=2.5e-9. PMID 10339405: various techniques used, kon=2e5 to 7.1e6, koff=1.7e-2 to 3.5e-2, Kd=1e-8 to 1.6e-7. PMID 10556041: kon=2.1e6, koff=2e-2, Kd=1e-8. PMID 16171819: Kd=3e-9. PMID 17310065: kon=1e7, koff=6.9e-3, Kd=6.9e-10.",2.0
66,2JEL_HL:P,AB,2JEL_HL,,Fab Jel42 - HPr,1POH_A,,HPr,9671548.0,"Determination of the binding constants for three HPr-specific monoclonal antibodies and their Fab fragments.Smallshaw J., Brokx S., Lee J., Waygood E. (J Mol Biol. 1998 Jul 31; 280(5):765-74)",Table 1,0.0000000028,-11.59,1501,0.17,7.2,23,"15 mM sodium phosphate buffer, 30 mM NaCl, 0.1 mg/ml bovine serum albumin",,,,Fluorescence inhibition assay,,"ITC: dH = ?8.2, dS = +9.8. ITC data also available at different temperatures",,1.0
67,3V6Z_AB:F,A,3V6F_AB,,FAB E6,3KXS_F,,Capsid protein assembly domain,20307545.0,"Molecular basis for the high degree of antigenic cross-reactivity between hepatitis B virus capsids (HBcAg) and dimeric capsid-related protein (HBeAg): insights into the enigmatic nature of the e-antigen.Watts N., Vethanayagam J., Ferns R., Tedder R., Harris A., Stahl S., Steven A., Wingfield P. (J Mol Biol. 2010 May 14; 398(4):530-41)",Table 3.,0.0000000033,-11.57,1922,1.83,7.4,,"100 mM Hepes, 150 mM NaCl, 3 mM EDTA, 0.005% surfactant P20",,,,SPR,,"kon=6.5e4, koff=2.2e-4",,2.0
68,1BJ1_HL:VW,AB,1BJ1_HL,,Fab - vEGF,2VPF_GH,,vEGF,9753694.0,"VEGF and the Fab fragment of a humanized neutralizing antibody: crystal structure of the complex at 2.4 A resolution and μtational analysis of the interface.Muller Y., Chen Y., Christinger H., Li B., Cunningham B., Lowman H., de Vos A. (Structure. 1998 Sep 15; 6(9):1153-67)",Table 2,0.0000000034,-11.55,1731,0.5,4.8,25,20 mM sodium acetate,,,,SPR,,"Kon = 4.1e4, koff = 1.4e-4",,1.0
69,1AHW_AB:C,A,1FGN_LH,,Fab 5g9,1TFH_A,,Tissue factor,9480775.0,"The mechanism of an inhibitory antibody on TF-initiated blood coagulation revealed by the crystal structures of human tissue factor, Fab 5G9 and TF.G9 complex.Huang M., Syed R., Stura E., Stone M., Stefanko R., Ruf W., Edgington T., Wilson I. (J Mol Biol. 1998 Feb 6; 275(5):873-94)",Table 4,0.0000000034,-11.55,1899,0.69,not stated,ambient,5 mM CaCl2,,,,Competitive Inhibition assay,,,,1.0
70,1KXQ_H:A,AB,1KXQ_H,,Camel VHH - Pancreatic α-amylase,1PPI_A,,Pancreatic α-amylase,9649422.0,"Potent enzyme inhibitors derived from dromedary heavy-chain antibodies.Lauwereys M., Arbabi Ghahroudi M., Desmyter A., Kinne J., Hölzer W., De Genst E., Wyns L., Muyldermans S. (EMBO J. 1998 Jul 1; 17(13):3512-20)",Table I,0.0000000035,-11.54,2172,0.72,7.4,not stated,"150 mM NaCl, 2mM CaCl2, 50 mM Tris",,,,SPR,,"kon = 2.36e5, koff = 8e-4",,1.0
71,1VFB_AB:C,A,1VFA_AB,,Fv D1.3,8LYZ_A,,HEW lysozyme,8302837.0,"Bound water molecules and conformational stabilization help mediate an antigen-antibody association.Bhat T., Bentley G., Boulot G., Greene M., Tello D., Dall'Acqua W., Souchon H., Schwarz F., Mariuzza R., Poljak R. (Proc Natl Acad Sci U S A. 1994 Feb 1; 91(3):1089-93)",Table 2; PMID 1560463: Table 1; PMID 1704260: Table II,0.0000000037,-11.46,1383,1.02,7.1,24,"150mM NaCl, 10mM phosphate buffer",,,,ITC,,"Flourescence: Kd = 3.03e-9. ITC: dH = -21.5, dS = -33.7. Data also available at 11.3C and 49.8C.","PMID 1560463 (stopped-flow fluorescence): Kd = 3.7e-9, kon = 1.39e6, koff = 5.14e-3 (calculated). PMID 1704260: Kd = 7.7e-9",1.0
72,3BP8_AB:C,OX,1Z6R_AB,,Mlc transcription regulator,3BP3_A,,PTS glucose-specific enzyme EIICB,18319344.0,"Analyses of Mlc-IIBGlc interaction and a plausible molecular mechanism of Mlc inactivation by membrane sequestration.Nam T., Jung H., An Y., Park Y., Lee S., Seok Y., Cha S. (Proc Natl Acad Sci U S A. 2008 Mar 11; 105(10):3751-6)",Table 1,0.00000000414,-11.44,1398,0.45,8,not stated,"10 mM Hepes, 200 mM NaCl, 10 mM KCl, 1 mM MgCl2, 1 mM DTT, and 0.005% Tween 20",,,,SPR,,"kon = 9.95e5, koff = 3.85e-3",,1.0
73,4G6J_HL:A,A,4G5Z_HL,,Canakinumab antibody fragment,4I1B_A,,Interleukin-1 β,23041424.0,"One target-two different binding modes: structural insights into gevokizumab and canakinumab interactions to interleukin-1β.Blech M., Peter D., Fischer P., Bauer M., Hafner M., Zeeb M., Nar H. (J Mol Biol. 2013 Jan 9; 425(1):94-111)",Table 4.,0.0000000041,-11.44,1893,0.61,7.4,25,"50 mM sodium phosphate buffer, 150 mM sodium chloride, 0.05% Tween 20",,,,Thermophoresis,,,European Medicines Agency Assessment Report EMEA/H/C/001109/II/0010 cites a number of investigations in μtual agreement of a dissociation constant around 1nm.,2.0
74,4CPA_A:I,EI,8CPA_A,,Carboxypeptidase A,1H20_A(9),,Potato carboxypeptidase inhibitor,4415398.0,"Purification and properties of a carboxypeptidase inhibitor from potatoes.Ryan C., Hass G., Kuhn R. (J Biol Chem. 1974 Sep 10; 249(17):5495-9)",p.5497,0.000000005,-11.32,1177,1.52,7.5,25,0.02M TRIS-HCl,,,,Spectrophotometric inhibition assay,,,,1.0
75,1OPH_A:B,EI,1QLP_A,,α-1-antitrypsin,2PTN_A,,Trypsin,9012804.0,"Major proteinase movement upon stable serpin-proteinase complex formation.Stratikos E., Gettins P. (Proc Natl Acad Sci U S A. 1997 Jan 21; 94(2):453-8)",Fig.4,0.000000005,-11.32,1360,1.2,not stated,not stated,not stated,,,,Fluorescence inhibition assay,Affinity is for anhydrotrypsin. Crystal structure is S195A mutant,,,1.0
76,1GPW_A:B,OX,1THF_D,,HISF protein,1K9V_F,,Amidotransferase HISH,,Personal comμnication with Reinhard Sterner,PERSONAL COMMUNICATION; PMID 11264293: p.20391; PMID 11208798: p.992,0.000000005,-11.32,2097,0.65,not stated,25,50 mM potassium phosphate,,,,Fluorescence Titration,,,"PMID 11264293 (10 mM potassium phosphate buffer, pH 7.5, at 25C): Kd << 1e-5. PMID 11208798: Kd < 1.3e-8 and Kd < 1.9e-8.",1.0
77,3MXW_LH:A,A,3MXV_LH,,Anti-Shh 5E1 chimera FAB fragment,3M1N_A,,Sonic Hedgehog N-terminal domain,20504762.0,"Hedgehog pathway antagonist 5E1 binds hedgehog at the pseudo-active site.Maun H., Wen X., Lingel A., de Sauvage F., Lazarus R., Scales S., Hymowitz S. (J Biol Chem. 2010 Aug 20; 285(34):26570-80)",Table 2,0.000000007,-11.31,1696,0.48,7.2,30,"20 mm HEPES, 150 mm NaCl, 5 mm EDTA, 5 mm EGTA",,,,ITC,Affinity is ion-dependent.,"dH=-13.6, dS=-7.36, kon=5.07e5, koff=3.52e-3",,2.0
78,1GXD_A:C,EI,1CK7_A,,ProMMP2 type IV collagenase,1BR9_A,,Metalloproteinase inhibitor 2,9368077.0,"Kinetic analysis of the binding of human matrix metalloproteinase-2 and -9 to tissue inhibitor of metalloproteinase (TIMP)-1 and TIMP-2.Olson M., Gervasi D., Mobashery S., Fridman R. (J Biol Chem. 1997 Nov 21; 272(47):29975-83)",Table 2; PMID 1655733: p.17975,0.0000000052,-11.3,2445,1.39,7.2,25,"7.8 mm NaH2PO4, 8 mm Na2HPO4, 137 mm NaCl, 0.1 mm CaCl2",,,,SPR,,"kon = 1.4e5, koff = 7e-4","PMID 1655733 (25 mM Tris, 150 mM NaCI, 0.02% NaN3, 2 mg/ml ovalbumin, 5 mM 1,10-phenanthrolin): Kd = 4.2e-10",1.0
79,2UUY_A:B,EI,2PTN_A,,Trypsin,2UUX_A,,Tryptase inhibitor from tick,17391695.0,"A tick protein with a modified Kunitz fold inhibits human tryptase.Paesen G., Siebold C., Harlos K., Peacey M., Nuttall P., Stuart D. (J Mol Biol. 2007 May 11; 368(4):1172-86)",p.1173,0.0000000056,-11.26,1280,0.44,8,25,"20 mM Tris, 2.5 mM CaCl2",,,,Inhibition assay,,,,1.0
80,1M10_A:B,ER,1AUQ_A,,Von Willebrand Factor dom. A1,1M0Z_B,,Glycoprotein IB-α,12183630.0,"Structures of glycoprotein Ibα and its complex with von Willebrand factor A1 domain.Huizinga E., Tsuji S., Romijn R., Schiphorst M., de Groot P., Sixma J., Gros P. (Science. 2002 Aug 16; 297(5584):1176-9)",p.1176,0.0000000058,-11.24,2097,2.1,7.4,25,"150 mM NaCl, 0.005% Tween-20, 25 mM HEPES",,,,SPR,Gain of function mutant,,,1.0
81,4GXU_MN:ABEFCD,A,4GXV_HL,,1F1 antibody,1RUZ_HIJKLM,,1918 H1 Hemagglutinin,23236279.0,"Influenza human monoclonal antibody 1F1 interacts with three major antigenic sites and residues mediating human receptor specificity in H1N1 viruses.Tsibane T., Ekiert D., Krause J., Martinez O., Crowe J., Wilson I., Basler C. (PLoS Pathog. 2012; 8(12):e1003067)",Table 1,0.0000000062,-11.2,1830,0.78,,,,,,,BLI,,,,2.0
82,1NW9_B:A,ER,1JXQ_A,,Capase-9,2OPY_A,,BIR3 domain of XIAP (249-354),15485396.0,"Engineering ML-IAP to produce an extraordinarily potent caspase 9 inhibitor: implications for Smac-dependent anti-apoptotic activity of ML-IAP.Vucic D., Franklin M., Wallweber H., Das K., Eckelman B., Shin H., Elliott L., Kadkhodayan S., Deshayes K., Salvesen G., Fairbrother W. (Biochem J. 2005 Jan 1; 385(Pt 1):11-20)",Table 2; PMID 11140637: Table 2,0.000000013,-11.19,2112,1.97,7.2,37,"20 mM Pipes, 10 mM EDTA, 20 mM 2-mercaptoethanol, 0.1% CHAPS and 10% sucrose",,,,Fluorescence inhibition assay,,,PMID 11140637: IC50 = 1.6e-7,1.0
83,1XU1_ABD:T,OR,1U5Y_ABD,,TNF domain of APRIL,1XUT_A(11),,TNF receptor superfamily member 13B TACI CRD2 domain,10956646.0,"Tumor necrosis factor (TNF) receptor superfamily member TACI is a high affinity receptor for TNF family members APRIL and BLyS.Wu Y., Bressette D., Carrell J., Kaufman T., Feng P., Taylor K., Gan Y., Cho Y., Garcia A., Gollatz E., Dimke D., LaFleur D., Migone T., Nardelli B., Wei P., Ruben S., Ullrich S., Olsen H., Kanakaraj P., Moore P., Baker K. (J Biol Chem. 2000 Nov 10; 275(45):35478-85)",p.35481; PMID 10898980: p.786,0.0000000064,-11.18,1700,1.3,7.4,not stated,"10 mm HEPES, 150 mm NaCl, 3.4 mm EDTA, 0.005% Surfactant P20",,,,SPR,,"kon = 9.22e5, koff = 5.89e-3","PMID 10898980: Kd = 9.1e-10, 24C,",1.0
84,1YVB_A:I,EI,2GHU_A,,Falcipain 2,1CEW_I,,Cystatin,17502099.0,"The structure of chagasin in complex with a cysteine protease clarifies the binding mode and evolution of an inhibitor family.Wang S., Pandey K., Scharfstein J., Whisstock J., Huang R., Jacobelli J., Fletterick R., Rosenthal P., Abrahamson M., Brinen L., Rossi A., Sali A., McKerrow J. (Structure. 2007 May; 15(5):535-43)",Table 1,0.0000000065,-11.17,1743,0.51,5.5,not stated,"100 mM sodium acetate,8 mM DTT",,,,Inhibition assay,,,,1.0
85,1JWH_CD:A,ER,3EED_AB,,Casein kinase II β chain,3C13_A,,Casein kinase II α chain,18824508.0,"The interaction of CK2α and CK2β, the subunits of protein kinase CK2, requires CK2β in a preformed conformation and is enthalpically driven.Raaf J., Brunstein E., Issinger O., Niefind K. (Protein Sci. 2008 Dec; 17(12):2180-6)",Figure 1; PMID 12485876: p.274,0.0000000126,-11.14,1451,1.27,8.5,35,"500mM NaCl, 25mM Tris/HCl",,,,ITC,,"dH = -11.7, dS = +1.86","PMID 12485876 (SPR): Kd = 5.41e-9, kon = 6.65e4, koff = 3.6e-4.",1.0
86,1NCA_HL:N,AB,1NCA_HL,,Fab - Flu virus neuraminidase N9,7NN9_A,,Flu virus neuraminidase N9,9692956.0,"Critical interactions in binding antibody NC41 to influenza N9 neuraminidase: amino acid contacts on the antibody heavy chain.Pruett P., Air G. (Biochemistry. 1998 Jul 28; 37(30):10660-70)",p.10665,0.0000000083,-11.02,1953,0.24,7.2,room temperature,PBS,,,,Fluorescence inhibition assay,,,,1.0
87,2HRK_A:B,OX,2HRA_A,,Glutamyl-t-RNA synthetase,2HQT_A,,GU-4 nucleic binding protein,17976650.0,"Molecular determinants of the yeast Arc1p-aminoacyl-tRNA synthetase complex assembly.Karanasios E., Simader H., Panayotou G., Suck D., Simos G. (J Mol Biol. 2007 Dec 7; 374(4):1077-90)",Table 1,0.000000009,-10.98,1595,2.03,7.4,25,"20 mM Hepes, 150 mM NaCl, 2 mM EDTA and 0.005% Tween 20",,,,SPR,,ITC: Kd = 2.7e-8,,1.0
88,3BX7_A:C,OX,3BX8_A,,Lipocalin 2,3OSK_A,,CTLA-4 extracellular domain,19416843.0,"An engineered lipocalin specific for CTLA-4 reveals a combining site with structural and conformational features similar to antibodies.Schönfeld D., Matschiner G., Chatwell L., Trentmann S., Gille H., Hülsmeyer M., Brown N., Kaye P., Schlehuber S., Hohlbaum A., Skerra A. (Proc Natl Acad Sci U S A. 2009 May 19; 106(20):8198-203)",Figure 1,0.000000009,-10.98,2349,1.63,7.4,25,"0.01 M HEPES, 0.15 M NaCl, 3 mM EDTA, 0.005% v/v Surfactant P20",,,,SPR,,,,2.0
89,2B4J_AB:C,OX,1BIZ_AB,,Integrase (HIV-1),1Z9E_A(1),,PC4 and SFRS1 interacting protein,19801648.0,"Affinities between the binding partners of the HIV-1 integrase dimer-lens epithelium-derived growth factor (IN dimer-LEDGF) complex.Tsiang M., Jones G., Hung M., Mukund S., Han B., Liu X., Babaoglu K., Lansdon E., Chen X., Todd J., Cai T., Pagratis N., Sakowicz R., Geleziunas R. (J Biol Chem. 2009 Nov 27; 284(48):33580-99)",p.33591,0.0000000109,-10.86,1259,0.99,7.4,room temperature,"25 mm Tris, 150 mm NaCl, 2 mm MgCl2, 0.1% Nonidet P-40, 1 mg/ml bovine serum albumin",,,,Fluorescence inhibition assay,F185K mutation does not significantly affect binding (see PMID 15895093),"Kinetic assay: kon = 4.75e5, koff = 3.9e-3, Kd = 8.2e-9",,1.0
90,1HIA_AB:I,EI,2PKA_XY,,Kallikrein,1BX8_A,,Hirustatin,8112345.0,"Isolation and characterization of hirustasin, an antistasin-type serine-proteinase inhibitor from the medical leech Hirudo medicinalis.Söllner C., Mentele R., Eckerskorn C., Fritz H., Sommerhoff C. (Eur J Biochem. 1994 Feb 1; 219(3):937-43)",p.940,0.000000013,-10.76,1737,1.4,not stated,not stated,not stated,,,,Inhibition assay,,,,1.0
91,1CBW_ABC:D,EI,4CHA_ABC,,Chymotrypsin,9PTI_A,,BPTI,8784199.0,"Alanine point-μtations in the reactive region of bovine pancreatic trypsin inhibitor: effects on the kinetics and thermodynamics of binding to β-trypsin and α-chymotrypsin.Castro M., Anderson S. (Biochemistry. 1996 Sep 3; 35(35):11435-46)",Table 1,0.000000011,-10.75,1457,0.74,8.2,22,50 mM Tris-HCl,,,,Spectrophotometric inhibition assay,non cognate (see 2PTC),"kon = 1.7e5, koff = 1.8e-3",,1.0
92,1KAC_A:B,OR,1NOB_F,,Adenovirus fiber knob protein,1F5W_B,,Adenovirus receptor,10684297.0,"Identification of contact residues and definition of the CAR-binding site of adenovirus type 5 fiber protein.Kirby I., Davison E., Beavil A., Soh C., Wickham T., Roelvink P., Kovesdi I., Sutton B., Santis G. (J Virol. 2000 Mar; 74(6):2804-13)",Fig.2; PMID 11435605: Table 1,0.0000000148,-10.68,1456,0.95,7.4,25,"10mM HEPES, 150mM NaCl, 3mM EDTA, 0.005% P-20 surfactant",,,,SPR,,"kon = 1.8e5, koff = 2.8e-3","PMID 11435605: Kd = 1.5e-8, kon = 7.31e4, koff = 1.1e-3",1.0
93,2WPT_A:B,EI,1FSJ_B,,Colicin E9 nuclease,2NO8_A,,Im2 imμnity protein,9718299.0,"Dual recognition and the role of specificity-determining residues in colicin E9 DNase-imμnity protein interactions.Li W., Hamill S., Hemmings A., Moore G., James R., Kleanthous C. (Biochemistry. 1998 Aug 25; 37(34):11771-9)",Table 1,0.000000015,-10.67,1581,1.61,7,25,50 mM Mops buffer containing 200 mM NaCl and 1 mM DTT,,,,Stopped-flow fluormetry,Non-cognate,"kon = 5e7, koff = 7.3e-1","PMID 7577967: Kd = 1.3e-8 to 1.2e-7, koff = 8.3e-1",1.0
94,2OOR_AB:C,ER,1L7E_AB,,NAD(P) transhydrogenase subunit α part 1,1E3T_A,,NAD(P) transhydrogenase subunit β,8898902.0,"Properties of the purified, recombinant, NADP(H)-binding domain III of the proton-translocating nicotinamide nucleotide transhydrogenase from Rhodospirillum rubrum.Diggle C., Bizouarn T., Cotton N., Jackson J. (Eur J Biochem. 1996 Oct 1; 241(1):162-70)",p.169,0.0000000155,-10.65,2065,1.42,7.2,25,"50 mM Mops, 50 mM KCl, 2mM MgCl2",,,,Fluorescence,,,,1.0
95,2AJF_A:E,OR,1R42_A,,Angiotensin-converting enzyme 2,2GHV_E,,SARS spike protein receptor binding domain,15791205.0,"Receptor and viral determinants of SARS-coronavirus adaptation to human ACE2.Li W., Zhang C., Sui J., Kuhn J., Moore M., Luo S., Wong S., Huang I., Xu K., Vasilieva N., Murakami A., He Y., Marasco W., Guan Y., Choe H., Farzan M. (EMBO J. 2005 Apr 20; 24(8):1634-43)",Table I,0.0000000162,-10.63,1704,0.65,not stated,not stated,HBS-EP buffer,,,,SPR,,"kon = 7.12e4, koff = 1.16e-3",,1.0
96,1BVK_DE:F,A,1BVL_BA,,Fv Hulys11,3LZT_A,,HEW lysozyme,1560463.0,"Antibody framework residues affecting the conformation of the hypervariable loops.Foote J., Winter G. (J Mol Biol. 1992 Mar 20; 224(2):487-99)",Table I,0.000000014,-10.53,1321,1.24,7,20,"25 mM NaH2PO4, 0.2 mM-EDTA, 125 mM NaCl",,,,Stopped-flow inhibition,,"Kon = 1.31e6, koff=1.834e-2 (calculated)",,1.0
97,3RVW_CD:A,A,3RVT_CD,,4C1 FAB,3F5V_A,,DER P 1 allergen,22210776.0,"Molecular determinants for antibody binding on group 1 house dust mite allergens.Chruszcz M., Pomés A., Glesner J., Vailes L., Osinski T., Porebski P., Majorek K., Heymann P., Platts-Mills T., Minor W., Chapman M. (J Biol Chem. 2012 Mar 2; 287(10):7388-98)",Table 3,0.000000019,-10.53,1383,0.5,7.5,25,"50 mM Tris, 50 mM NaCl, 5mM iodoacetamide",,,,ITC,,"dH=-6.66, dS=13.0",,2.0
98,1FC2_C:D,OX,1BDD_A,,Staphylococcus Protein A,1FC1_AB,,Human Fc fragment,7646442.0,"Equilibrium and pre-equilibrium fluorescence spectroscopic studies of the binding of a single-imμnoglobulin-binding domain derived from protein G to the Fc fragment from human IgG1.Walker K., Bottomley S., Popplewell A., Sutton B., Gore M. (Biochem J. 1995 Aug 15; 310 ( Pt 1):177-84)",p.181; PMID 7716157: Table I,0.0000000225,-10.43,1307,1.69,6,25,20mM PBS,,,,Stopped-flow fluorescence,,,"PMID 7716157 (competative binding, 0.4 mg/ml o-phenylene diamine, 0.1% v/v H2O2 in 0.1 M citrate/phosphate buffer, pH 5.0, 37C): Kd = 1.5e-8.",1.0
99,1IJK_A:BC,ER,1AUQ_A,,Von Willebrand Factor dom. A1,1FVU_AB,,Botrocetin,10713059.0,"Interaction of von Willebrand factor domain A1 with platelet glycoprotein Ibα-(1-289). Slow intrinsic binding kinetics mediate rapid platelet adhesion.Miura S., Li C., Cao Z., Wang H., Wardell M., Sadler J. (J Biol Chem. 2000 Mar 17; 275(11):7539-46)",p.7542,0.000000023,-10.42,1648,0.68,7.4,room temperature,"10mM Tris-HCl, 150mM NaCl",,,,Radioligand binding,Crystal structure is a mutant. Kd is for wild type,,,1.0
100,3AAA_AB:C,OX,3AA7_AB,,Actin capping protein,1MYO_A,30.0,Myotrophin,20625546.0,"Two distinct mechanisms for actin capping protein regulation--steric and allosteric inhibition.Takeda S., Minakata S., Koike R., Kawahata I., Narita A., Kitazawa M., Ota M., Yamakuni T., Maéda Y., Nitanai Y. (PLoS Biol. 2010; 8(7):e1000416)","Table S2. PMID 16895918: Table 1. PMID 12488317: p,5867.",0.000000021,-10.3,1686,1.78,7,20,"50 mM KCl, 1mM MgCl(2), 0.005% Tween-20, 10 mM imidazole",,,,SPR,,"kon=1.5e6, koff=3.1e-2",PMID 16895918: Kd=4.0e-8. PMID 12488317: Kd=1.2e-7,2.0
101,1E6J_HL:P,A,1E6O_HL,,Fab 13B5,1A43_A,,HIV-1 capsid protein p24,11080628.0,"Mutual conformational adaptations in antigen and antibody upon complex formation between an Fab and HIV-1 capsid protein p24.Monaco-Malbet S., Berthet-Colominas C., Novelli A., Battaï N., Piga N., Cheynet V., Mallet F., Cusack S. (Structure. 2000 Oct 15; 8(10):1069-77)",p.1070,0.000000029,-10.28,1245,1.05,7.4,not stated,"10mM HEPES, 150 mM NaCl, 3.4 mM EDTA, 0.05% surfactant P20",,,,SPR,Unknown HIV p24 isoform in SPR,"kon=3.5e5, koff = 1.2e-3",,1.0
102,2A9K_A:B,ES,1U8Z_A,,Ral-A.GDP,2C8B_X,,Mono-ADP-ribosyltransferase C3,16177825.0,"Crystal structure of the C3bot-RalA complex reveals a novel type of action of a bacterial exoenzyme.Pautsch A., Vogelsgesang M., Tränkle J., Herrmann C., Aktories K. (EMBO J. 2005 Oct 19; 24(20):3670-80)",p.3678,0.00000006,-10.25,1751,0.85,7.5,37,"20mM Tris-HCl, 50mM NaCl, 2mM MgCl2, 2mM DTE",GDP/Mg,GDP/Mg,,ITC,,dH = -20,,1.0
103,1H1V_A:G,OX,1IJJ_B,,Actin,1P8X_A,,Gelsolin precursor C-term,2836434.0,Gelsolin has three actin-binding sites.Bryan J. (J Cell Biol. 1988 May; 106(5):1553-62),Figure 5,0.000000025,-10.2,2071,1.05,8,20,"25mM Tris-HCl, 0.8mM CaCl2, 0.12mM MgCl2, and 1 mM NaN3",,,,Fluorescence spectroscopy,,,,1.0
104,2HQS_A:H,OX,1CRZ_A,,TolB,1OAP_A,,Pal,17375930.0,"Molecular mimicry enables competitive recruitment by a natively disordered protein.Bonsor D., Grishkovskaya I., Dodson E., Kleanthous C. (J Am Chem Soc. 2007 Apr 18; 129(15):4800-7)",p.4804; PMID 16894158: Table 1,0.000000027,-10.15,2333,0.97,7.5,20,"50 mM buffer, 50 mM NaCl, 5 mM EDTA. Value is averaged over 5 buffers: sodium phosphate, Hepes, MES, BES, TES",,,,ITC,,"dH = -8.8, dS = +4.4","PMID 16894158 (ITC): Kd = 4.7e-8, dH = -7.1, dS = +9.2",1.0
105,1EFN_B:A,OX,1AVV_A,,HIV-1-NEF protein,1FYN_A,,Fyn kinase SH3 domain,7588629.0,"A single amino acid in the SH3 domain of Hck determines its high affinity and specificity in binding to HIV-1 Nef protein.Lee C., Leung B., Lemmon M., Zheng J., Cowburn D., Kuriyan J., Saksela K. (EMBO J. 1995 Oct 16; 14(20):5006-15)",p.5009,0.000000038,-10.12,1253,0.9,7.4,25,"10 mM HEPES, 3.4 mM EDTA, 0.05% Surfactant P20, 150 mM NaCl",,,,SPR,,,,1.0
106,2HLE_A:B,OR,2BBA_A,,Ephrin B4 receptor,1IKO_P,,Ephrin B2 ectodomain,16472751.0,"Structure and thermodynamic characterization of the EphB4/Ephrin-B2 antagonist peptide complex reveals the determinants for receptor specificity.Chrencik J., Brooun A., Recht M., Kraus M., Koolpe M., Kolatkar A., Bruce R., Martiny-Baron G., Widmer H., Pasquale E., Kuhn P. (Structure. 2006 Feb; 14(2):321-30)",Table 2,0.00000004,-10.09,2116,1.4,7.8,25,"50 mM Tris, 150 mM NaCl, and 1 mM CaCl2",,,,ITC,,"dH = +3.3, dS = +44.9",,1.0
107,1KKL_ABC:H,ES,1JB1_ABC,,HPr kinase C-ter domain,2HPR_A,,HPr,12009882.0,"Insights into the functioning of Bacillus subtilis HPr kinase/phosphatase: affinity for its protein substrates and role of cations and phosphate.Lavergne J., Jault J., Galinier A. (Biochemistry. 2002 May 21; 41(20):6218-25)",Table 2,0.000000045,-10.02,1641,2.2,8,25,"20 mM Tris-HCl, 0.005% surfactant P-20",None,None,None,SPR,,"kon = 1.3e5, koff = 5.8e-3. Values with ATP analogue available.",,1.0
108,2C0L_A:B,OX,1FCH_A,,TRP region of PEX5,1C44_A,,Sterol carrier protein 2,17157249.0,"Recognition of a functional peroxisome type 1 target by the dynamic import receptor pex5p.Stanley W., Filipp F., Kursula P., Schüller N., Erdmann R., Schliebs W., Sattler M., Wilmanns M. (Mol Cell. 2006 Dec 8; 24(5):653-63)",Table 1,0.000000109,-9.82,2013,2.62,7.4,35,"100 mM potassium phosphate, 1 mM DTT",,,,ITC,,"dH = -10.1, dS = +0.93",,1.0
109,1FQJ_A:B,OG,1TND_C,,Gt-α,1FQI_A,,RGS9,10085118.0,"The α-helical domain of Gαt determines specific interaction with regulator of G protein signaling 9.Skiba N., Yang C., Huang T., Bae H., Hamm H. (J Biol Chem. 1999 Mar 26; 274(13):8770-8)",Fig. 5,0.000000067,-9.79,1806,0.91,8,room temperature,"50 mmTris-HCl, 50 mm NaCl, 2 mmMgCl2+ PDEγ",GDP/Mg,GDP/Mg,"Mg, GDP?",Fluorescence spectroscopy,,without PDEγ: Kd=1.9E-7,,1.0
110,1DE4_AB:CF,OX,1A6Z_AB,,Hemochromatosis protein HFE,1CX8_AB,,Transferrin receptor ectodom.,11800564.0,"Mutational analysis of the transferrin receptor reveals overlapping HFE and transferrin binding sites.West A., Giannetti A., Herr A., Bennett M., Nangiana J., Pierce J., Weiner L., Snow P., Bjorkman P. (J Mol Biol. 2001 Oct 19; 313(2):385-97)",Table 2; PMID 15056661: Table I; PMID 14691533 Table 1,0.000000068,-9.78,2066,2.59,7.5,not stated,"50 mM Pipes, 150 mM NaCl, 0.005 Surfactant P-20 (Pharmacia)",,,,SPR,Stepwise constants converted to intrinsic dissociation constants as per 'Binding and linkage: functional chemistry of biological macromolecules' by J. Wyman and S. J. Gill. Negative cooperativity applies. Kd is for second binding event.,"K1=46 nM, K2=210 nM (HFE immobilised), yield Ka=141.95nM, Kb=68.054nM. K1=89nM, K2=650nM (TfR immbobilised) yield Ka=543.57nM, Kb=106.43nM.","PMID 15056661 (SPR, 25C, pH 7.5, 50 mM PIPES, 150 mM NaCl, 0.005% surfactant P20): K1=24nm, K2=155nm yield Ka=125.31, Kb=29.69. PMID 14691533 (SPR, 25C, pH7.5, 50 mM PIPES, 150 mM NaCl, 0.005% surfactant P20): K1=32.5nM, K2=232.7nM yield Ka=193.67nM, Kb=38.33nM.",1.0
111,1IB1_AB:E,OX,1QJB_AB,,14-3-3 protein,1KUY_A,,Serotonin N-acteylase,11336675.0,"Crystal structure of the 14-3-3zeta:serotonin N-acetyltransferase complex. a role for scaffolding in enzyme regulation.Obsil T., Ghirlando R., Klein D., Ganguly S., Dyda F. (Cell. 2001 Apr 20; 105(2):257-67)",Table 2,0.00000002,-9.76,2808,2.09,6.5,4,"50 mM sodium citrate, 5 mM 2-mercaptoethanol",,,,Sedimentation equilibrium,,,,1.0
112,1BUH_A:B,EI,1HCL_A,,CDK2 kinase,1DKS_A,,Ckshs1,8601310.0,"Crystal structure and μtational analysis of the human CDK2 kinase complex with cell cycle-regulatory protein CksHs1.Bourne Y., Watson M., Hickey M., Holmes W., Rocque W., Reed S., Tainer J. (Cell. 1996 Mar 22; 84(6):863-74)",Table I,0.000000077,-9.7,1324,0.75,7.4,not stated,"10 mM HEPES, 3.4 mM EDTA, 0.001% surfactant P-20, 150mM NaCl",,,,SPR,,"Kon = 3.2e5, koff = 2.5e-2",,1.0
113,1MLC_AB:E,A,1MLB_AB,,Fab44.1,3LZT_A,,HEW lysozyme,10229844.0,"Lack of significant differences in association rates and affinities of antibodies from short-term and long-term responses to hen egg lysozyme.Goldbaum F., Cauerhff A., Velikovsky C., Llera A., Riottot M., Poljak R. (J Imμnol. 1999 May 15; 162(10):6040-5)",Figure 1; PMID 1704260: Table II; PMID 7705353 : Table I,0.000000091,-9.61,1392,0.6,7.4,25,"HBS, 150mM NaCl, 3.4mM EDTA, 0.005% surfactant P-20, 10mM HEPES",,,,SPR,,"kon = 1e4, koff = 9.1e-4 (calculated)","PMID 1704260: Kd = 6.25e-8. PMID 7705353 (ITC): 24.2C, dH = -10.3, dS = -2.25. Thermodynamic data available at many different temperatures.",1.0
114,3BZD_A:B,OX,1BEC_A,,TCR Vβ8.2,3BVZ_A,,SEC3-1A4,20836565.0,"Assessing energetic contributions to binding from a disordered region in a protein-protein interaction .Cho S., Swaminathan C., Bonsor D., Kerzic M., Guan R., Yang J., Kieke M., Andersen P., Kranz D., Mariuzza R., Sundberg E. (Biochemistry. 2010 Nov 2; 49(43):9256-68)",Table 2,0.000000096,-9.57,1312,1.08,7.2,not stated,phosphate-buffered saline,,,,ITC,,"dH(STP) = -15.84, sD(STP) = -21.0, dCp = -409",,1.0
115,3PC8_A:C,ER,3PC6_A,,DNA repair protein XRCC1,3PC7_A,,DNA ligase III-α BRCT domain,15987676.0,"Specificity of protein interactions mediated by BRCT domains of the XRCC1 DNA repair protein.Beernink P., Hwang M., Ramirez M., Murphy M., Doyle S., Thelen M. (J Biol Chem. 2005 Aug 26; 280(34):30206-13)","Page 30211, first line.",0.000000102,-9.54,1240,0.5,7.5,,"0.01 M HEPES, 0.15 M NaCl, 0.05% Tween 20",,,,SPR,"Affinity is for human XRCC1 interaction, while crystal structure is mouse XRCC1. Ligase is human in both.","kon=1.31e4, koff=1.36e-3",,2.0
116,1PVH_A:B,OR,1BQU_A,,IL6 receptor β chain D2-D3 domains,1EMR_A,,Leukemia inhibitory factor,14527405.0,"Convergent mechanisms for recognition of divergent cytokines by the shared signaling receptor gp130.Boulanger M., Bankovich A., Kortemme T., Baker D., Garcia K. (Mol Cell. 2003 Sep; 12(3):577-89)",Fig. 4,0.00000008,-9.52,1403,0.34,7.5,20,"10 mM HEPES, 200mM NaCl",,,,ITC,,"dH = -7.7, dS = +5.3, dCp = -245",,1.0
117,3K75_D:B,ER,1BPB_A,,DNA polymerase β,3K77_A,,"Reduced XRCC1, N-terminal domain",20351257.0,"Oxidation state of the XRCC1 N-terminal domain regulates DNA polymerase β binding affinity.Cuneo M., London R. (Proc Natl Acad Sci U S A. 2010 Apr 13; 107(15):6805-10)",Page 6808. PMID 12527765: Table 1.,0.00000011,-9.49,1195,0.64,7.5,,"20 mM Tris, 40 mM NaCl",,,,Fluorescence,,,PMID 12527765: 3e-7,2.0
118,1JMO_A:HL,ER,1JMJ_A,,Heparin cofactor,2CN0_HL,,Thrombin,9162031.0,"Arginine 200 of heparin cofactor II promotes intramolecular interactions of the acidic domain. Implication for thrombin inhibition.Ciaccia A., Monroe D., Church F. (J Biol Chem. 1997 May 30; 272(22):14074-9)",Table II,0.000000115,-9.47,3461,3.21,7.4,room temperature,"HNPN, 2mg/ml bovine serum albumin",,,,Inhibition assay,,"kon = 2.23e2, koff = 2.5e-5",,1.0
119,3SZK_DE:F,OX,3ODQ_AB,,MetHaemoglobin,2H3K_A,,ISDH-N1,21917915.0,"Structural basis for hemoglobin capture by Staphylococcus aureus cell-surface protein, IsdH.Krishna Kumar K., Jacques D., Pishchany G., Caradoc-Davies T., Spirig T., Malmirchegini G., Langley D., Dickson C., Mackay J., Clubb R., Skaar E., Guss J., Gell D. (J Biol Chem. 2011 Nov 4; 286(44):38439-47)",Figure S2c. PMID 18984582: Table 1.,0.0000000901,-9.45,1263,2.1,7.5,20,"20 mM sodium phosphate,150 mM sodium chloride",,,,ITC,,"Apparant dH=-14.8, dS=-17.71","PMID 18984582: SPR, Kd=1.7e-8",2.0
120,4IZ7_A:B,EI,1ERK_A,,Non-phosphorylated ERK,2LS7_A,1.0,PEA-15 Death Effector Domain,17658892.0,"The anti-apoptotic protein PEA-15 is a tight binding inhibitor of ERK1 and ERK2, which blocks docking interactions at the D-recruitment site.Callaway K., Abramczyk O., Martin L., Dalby K. (Biochemistry. 2007 Aug 14; 46(32):9187-98)",Table 1.,0.000000133,-9.44,1202,1.56,7.5,27,"25 mM HEPES, 20 mM MgCl2, 2 mM DTT, 0.5 mM EGTA",,,,Spectroscopic inhibition assay,,,,2.0
121,3BIW_A:E,OX,3BIX_A,,Neuroligin-1,2R1D_A,,Neuroligin-1-β,18093522.0,"Structures of neuroligin-1 and the neuroligin-1/neurexin-1 β complex reveal specific protein-protein and protein-Ca2+ interactions.Araç D., Boucard A., Ozkan E., Strop P., Newell E., Südhof T., Brunger A. (Neuron. 2007 Dec 20; 56(6):992-1003)","Figure 4. PMID 14522992: p. 50499, last line. PMID 20543817: Figure 3. PMID 17042500: Figure 3.",0.000000097,-9.41,1191,0.39,7.2,20,"10 mM HEPES, 150 mM NaCl, 1mM CaCl(2)",,,,ITC,Contains calcium-mediated contacts,"dH=-12.66, dS=-14.5","PMID 14522992 (SPR): Kd~3e-7, kon=5e4, koff=1.5e-2. PMID 20543817 (SPR): Kd=1.6e-8. PMID 17042500 (SPR): Kd=2.9e-8.",2.0
122,1A2K_C:AB,OG,1QG4_A,,Ran GTPase-GDP,1OUN_AB,,Nuclear transport factor 2,10681579.0,"Dissecting the interactions between NTF2, RanGDP, and the nucleoporin XFXFG repeats.Chaillan-Huntington C., Braslavsky C., Kuhlmann J., Stewart M. (J Biol Chem. 2000 Feb 25; 275(8):5874-9)",Fig. 1,0.00000015,-9.31,1603,1.11,7.5,25,"20 mM KH2PO4, 5 mm MgCl2",GDP/Mg,GDP/Mg,GDP/Mg,ITC,,Microtitre plates: Kd = 2.4e-7. Fluorescence: Kd = 7.5e-8.,,1.0
123,1H9D_A:B,OX,1EAN_A,,Runx1 domain of CBFα1,1ILF_A(1),,Dimerisation domain of CBF-β,10984496.0,"Energetic and functional contribution of residues in the core binding factor β (CBFβ ) subunit to heterodimerization with CBFα.Tang Y., Shi J., Zhang L., Davis A., Bravo J., Warren A., Speck N., Bushweller J. (J Biol Chem. 2000 Dec 15; 275(50):39579-88)",Table III; PMID 10734228: Fig. 1,0.000000045,-9.18,2125,1.32,7.5,0,"10mM Tris-HCl, 100mM NaCl, mM EDTA, 5mM DTT, 0.0002 mg/ml bovine serum albumin, 0.05% Triton X-100, 4% glycerol",,DNA,DNA,Electrophoretic mobility shift assays,,Kd = 5.2e-7 without bound DNA.,"PMID 10734228: Kd = 1.8e-8 with bound DNA, Kd = 1.1e-7 and 1.5e-7(ITC) without.",1.0
124,1ZHI_A:B,OX,1M4Z_A,,BAH domain of Orc1,1Z1A_A,,Sir Orc-interaction domain,19029247.0,"Phylogenetic conservation and homology modeling help reveal a novel domain within the budding yeast heterochromatin protein Sir1.Hou Z., Danzer J., Mendoza L., Bose M., Müller U., Williams B., Fox C. (Mol Cell Biol. 2009 Feb; 29(3):687-702)",p.689,0.0000002,-9.08,1322,0.68,7.2,23,"25mM phosphate buffer, 200mM NaCl",,,,ITC,,,,1.0
125,1GRN_A:B,OG,1A4R_A,,CDC42 GTPase,1RGP_A,,CDC42 GAP,9468490.0,"Fluoride activation of the Rho family GTP-binding protein Cdc42Hs.Hoffman G., Nassar N., Oswald R., Cerione R. (J Biol Chem. 1998 Feb 20; 273(8):4392-9)",p. 4394; PMID 9632678: Table 1,0.000000239,-9.03,2332,1.22,8,not stated,"20 mm HEPES, pH 8.0, 5 mm MgCl2, 100 mm NaCl, 25 mM NaF",GDP/Mg,"AlF3, GDP/Mg","AlCl3, AlF4-, GNP/Mg",Fluorescence Spectroscopy,,,"9632678: Fluorescence, Mg2addition, Kd=2.9e-6. (25C, 20 mM Hepes?NaOH, pH 7.5, 5 mM MgCl2, and 100 mM NaCl, Mg(2+)). No AlF4-.",1.0
126,1B6C_A:B,OX,1D6O_A,,FKBP binding protein,1IAS_A,,TGFβ receptor,11583628.0,"The TGF β receptor activation process: an inhibitor- to substrate-binding switch.Huse M., Muir T., Xu L., Chen Y., Kuriyan J., Massagué J. (Mol Cell. 2001 Sep; 8(3):671-82)",p.679,0.00000028,-8.94,1752,1.96,7.4,25,"20mM Hepes, 1mM EDTA, 0.05% P20,150mM NaCl",,,,SPR,,,,1.0
127,3L89_ABC:M,OR,3L88_ABC,,Ad21 fiber knob,1CKL_A,,CD46 SCR1 and SCR2 domains,20071571.0,"Structure of adenovirus type 21 knob in complex with CD46 reveals key differences in receptor contacts among species B adenoviruses.Cupelli K., Müller S., Persson B., Jost M., Arnberg N., Stehle T. (J Virol. 2010 Apr; 84(7):3189-200)",Table 2.,0.000000284,-8.93,2167,2.51,7.4,25,"10 mM HEPES, 150 mM NaCl, 3 mM EDTA, 0.005% (vol/vol) surfacttant P20",,,,SPR,,"kon=1.35e6, koff=3.83e-1",,2.0
128,1KTZ_A:B,OR,1TGK_A,,TGF-β,1M9Z_A,,TGF-β receptor,16300789.0,"Three key residues underlie the differential affinity of the TGFβ isoforms for the TGFβ type II receptor.De Crescenzo G., Hinck C., Shu Z., Zúñiga J., Yang J., Tang Y., Baardsnes J., Mendoza V., Sun L., López-Casillas F., O'Connor-McCourt M., Hinck A. (J Mol Biol. 2006 Jan 6; 355(1):47-62)",p.51; PMID 19161338: Table 1; PMID 7486677: p.302; PMID 7852346: p.2751,0.00000029,-8.92,989,0.39,7.4,25,"150mM NaCl, 3.4mM EDTA, 0.005% Tween-20",,,,SPR,,,"PMID 19161338 (SPR): Kd = 7.3e-8, kon = 7.4e5, koff = 5.4e-2. PMID 7486677 (SPR): Kd = 1.2e-7, kon = 1.8e5, koff = 2.2e-2, 24C, pH 7.5, 10mM HEPES, 150mM NaCl, 3.4mM EDTA. PMID 7852346: Kd ~ 5e-10",1.0
129,1XD3_A:B,OX,1UCH_A,,UCH-L3,1YJ1_A,,Ubiquitin,9485312.0,"Kinetic and mechanistic studies on the hydrolysis of ubiquitin C-terminal 7-amido-4-methylcoumarin by deubiquitinating enzymes.Dang L., Melandri F., Stein R. (Biochemistry. 1998 Feb 17; 37(7):1868-79)",p.1872; PMID 17761421: p.6811,0.0000003,-8.9,2281,1.24,7.5,25,"50 mM HEPES, 0.5 mM EDTA, 0.1 mg/mL ovalbumin, 1-mM DTT",,,,Fluorescence spectrophotometry,,,PMID 17761421: Km = 8.33e-8,1.0
130,3LVK_AC:B,E,3LVM_AB,,Cysteine desulfurase IscS,1DCJ_A,12.0,Sulfurtransferase tusA,23281480.0,"The sulfur carrier protein TusA has a pleiotropic role in Escherichia coli that also affects molybdenum cofactor biosynthesis.Dahl J., Radon C., Bühning M., Nimtz M., Leichert L., Denis Y., Jourlin-Castelli C., Iobbi-Nivol C., Méjean V., Leimkühler S. (J Biol Chem. 2013 Feb 22; 288(8):5426-42)",Table 7.,0.000000304,-8.89,1609,0.81,7.4,25,"20 mM phosphate, 150 mM NaCl, and 0.005% Tween 20",,,,SPR,,Kd=9.66e-7,,2.0
131,3CPH_G:A,OG,1G16_A,,Ras-related protein Sec4,3CPI_G,,Rab GDP-dissociation inhibitor,18426803.0,"A structural model of the GDP dissociation inhibitor rab membrane extraction mechanism.Ignatev A., Kravchenko S., Rak A., Goody R., Pylypenko O. (J Biol Chem. 2008 Jun 27; 283(26):18377-84)",Table 1,0.00000033,-8.84,1685,2.12,7.5,25,"100 mm NaCl, 2 mm MgCl2, 2 mm β-mercaptoethanol, 10 ?m GDP",GDP/Co,GDP/Mg,GDP/Mg,ITC,,,,1.0
132,1R6Q_A:C,ER,1R6C_X,,Clp protease subunit ClpA,2W9R_A,,Clp protease adaptor protein ClpS,12426582.0,"Structural analysis of the adaptor protein ClpS in complex with the N-terminal domain of ClpA.Zeth K., Ravelli R., Paal K., Cusack S., Bukau B., Dougan D. (Nat Struct Biol. 2002 Dec; 9(12):906-11)",p.909; PMID 18297088: p.289,0.00000033,-8.84,2450,1.67,not stated,not stated,not stated,,,,SPR,,,"Consistent half-maximal binding in PMID 18297088. 10 nM ClpA6 in 50 mM HEPES (pH 7.5), 20 mM MgCl2, 0.3 M NaCl, 10% (v/v) glycerol, 0.1% (v/v) Tween, 0.5 mM DTT and 1 mM ATP-γS at 30 �C.",1.0
133,4M76_A:B,OR,1C3D_A,,C3D,1M1U_A,,Integrin α-M CD11B A-domain,24065820.0,"Structural insight on the recognition of surface-bound opsonins by the integrin I domain of complement receptor 3.Bajic G., Yatime L., Sim R., Vorup-Jensen T., Andersen G. (Proc Natl Acad Sci U S A. 2013 Oct 8; 110(41):16426-31)",Figure 3,0.00000045,-8.66,1046,0.43,7.5,25,"50 mM Hepes, 150 mM NaCl, 1mM MgCl(2)Mg(2+)",,,,ITC,,,,2.0
134,1E6E_A:B,ES,1E1N_A,,Adrenoxin reductase,1CJE_D,,Adrenoxin,15181009.0,"Stripping down the mitochondrial cholesterol hydroxylase system, a kinetics study.Schiffler B., Zöllner A., Bernhardt R. (J Biol Chem. 2004 Aug 13; 279(33):34269-76)",Table I,0.000000856,-8.28,2315,0.96,7.4,not stated,"0.01M HEPES, 0.15M NaCl, 0.005% Surfacant P20",,,,SPR,K27-D39 covalent bond in 1E6E,"kon = 4.434e3, koff = 3.8e-3",,1.0
135,1RLB_ABCD:E,OX,2PAB_ABCD,,Transthyretin,1HBP_A,,Retinol binding protein,8639713.0,"Retinoid binding to retinol-binding protein and the interference with the interaction with transthyretin.Malpeli G., Folli C., Berni R. (Biochim Biophys Acta. 1996 May 2; 1294(1):48-54)",Fig.6,0.0000008,-8.18,1439,0.66,7.4,20,"50 mM sodium phosphate, 150mM NaCl",Retinol,All-trans retinoic acid,All-trans retinoic acid,Fluorescence anisotropy,,,,1.0
136,1J2J_A:B,OG,1O3Y_A,,Arf1 GTPase.GNP-RanBD1,1OXZ_A,,GAT domain of GGA1,12679809.0,"Molecular mechanism of membrane recruitment of GGA by ARF in lysosomal protein transport.Shiba T., Kawasaki M., Takatsu H., Nogi T., Matsugaki N., Igarashi N., Suzuki M., Kato R., Nakayama K., Wakatsuki S. (Nat Struct Biol. 2003 May; 10(5):386-93)",Fig. 3; PMID 12376537: p.47237,0.0000011,-8.13,1209,0.63,8,25,"20 mM Tris-HCl, 100 mM NaCl, 5 mM MgCl2 and 1 mM DTT",GTP/Mg,GTP/Mg,GTP/Mg,SPR,,,PMID 12376537: Bacterial ARF1 proteins bind with same order of magnitude,1.0
137,1US7_A:B,ER,2FXS_A,,Heat shock protein 82 N-ter domain,2W0G_A,,HSP90 co-chaperone CDC37 C-ter domain,14718169.0,"The Mechanism of Hsp90 regulation by the protein kinase-specific cochaperone p50(cdc37).Roe S., Ali M., Meyer P., Vaughan C., Panaretou B., Piper P., Prodromou C., Pearl L. (Cell. 2004 Jan 9; 116(1):87-98)",Figure 1,0.00000146,-8.09,1106,1.06,8,30,"40 mM Tris, 1mM EDTA, 5mM NaCl",,,,ITC,,dH is insignificant,,1.0
138,1FFW_A:B,OX,3CHY_A,,Chemotaxis protein CheY,1FWP_A,,Chemotaxis protein CheA,8377825.0,"Assembly and function of a quaternary signal transduction complex monitored by surface plasmon resonance.Schuster S., Swanson R., Alex L., Bourret R., Simon M. (Nature. 1993 Sep 23; 365(6444):343-7)",Table 1; PMID 7592655:Table II; PMID 8377825: p. 7627; PMID 8377825: Fig. 3,0.00000135,-8.09,1170,1.43,7.4,28,"20 mM sodium phosphate, 20 mM NaCl, 1 mM EDTA, 1 mM PMSF, 10% (v/v) glycerol",,,,ITC,,"dH = -12.4, dS = -14.4. In another measurementm Kd = 1.18e-6, dH = -12.2, dS = -13.3.","PMID 7592655 (Fluorescence quenching, 50mM Sodium Phosphate, pH 6.5, 5mM MgCl2, room temperature): Kd = 1.2e-6. PMID 8347572 (SPR, 50 mM Tris, pH 7.5, 50mM KC1, 5mM MgC12, 0.005% Tween 20, Y51C μtant):Kd = 3.7e-7. PMID 8377825 (SPR, 50mM Tris-HCl, pH 7.5, 0.5mM EDTA, 5mM MgCl2, 50mM KCl, Y51C μtant): Kd = 3e-8, kon = 3.68e2, koff = 1.14e-5.",1.0
139,1ZM4_A:B,ES,1N0V_C,,Elongation factor 2,1XK9_A,,Diphtheria toxin A catalytic domain,12270928.0,"Insight into the catalytic mechanism of Pseudomonas aeruginosa exotoxin A. Studies of toxin interaction with eukaryotic elongation factor-2.Armstrong S., Yates S., Merrill A. (J Biol Chem. 2002 Nov 29; 277(48):46669-75)",p.46672,0.0000013,-8.03,1554,2.94,7.9,25,"20mM Tris, 50mM NaCl",,,,Flourescence,,Dependence of Kd on ionic strength available,PMID 11513605: Kd = 9.83e-7 and Kd = 1.328e-6 (fluorescence),1.0
140,2PCC_A:B,ES,1CCP_A,,Cyt C peroxidase,1YCC_A,,"Cytochrome C, yeast",11148036.0,"Interactions between yeast iso-1-cytochrome c and its peroxidase.Pielak G., Wang X. (Biochemistry. 2001 Jan 16; 40(2):422-8)",Table 1,0.0000016,-7.91,1141,0.39,6,25,50 mM DMG buffer,,,,ITC,,"dH = -2.6, dG = -8.1, dS = +18.5 (calculated)",,1.0
141,1E4K_AB:C,OR,2DTQ_AB,,FC fragment of human IgG 1,1FNL_A,,Human FCGR III,11544262.0,"The human low affinity Fcγ receptors IIa, IIb, and III bind IgG with fast kinetics and distinct thermodynamic properties.Maenaka K., van der Merwe P., Stuart D., Jones E., Sondermann P. (J Biol Chem. 2001 Nov 30; 276(48):44898-904)",Table II; PMID 15037082: Table 1(15oC) Table 2 (25oC); PMID 7577916: p.13326,0.0000017,-7.87,1634,2.59,7.4,25,"10 mm Hepes, 150 mm NaCl, 3.4 mm EDTA, and 0.005% surfactant P20",,,,SPR,,"kon = 4.2e5, koff = 7.5e-1. Scatchard: Kd = 1.42e-6. Van't Hoff: dH = -15.4, dS = -24.82, dCp = -700","PMID 15037082, ITC (15C): Kd = 5.4e-7, dH = -20.1, dS = -40.96, dCp = -300. SPR (25C): Kd = 2.1e-7, Kon = 3.4e4, koff = 7.1e-3. PMID 7577916 (sedimentation equilibrium). 0C, dH = -1.0, dS = 22, dCp = -360. 1C, Kd = 3.13e-6. 25C, Kd = 7.14e-6.",1.0
142,3F1P_A:B,OX,1P97_A,9.0,HIF2 α C-terminal PAS domain,1X0O_A,5.0,ARNT C-terminal PAS domain,23033253.0,"Identification of Cys255 in HIF-1α as a novel site for development of covalent inhibitors of HIF-1α/ARNT PasB domain protein-protein interaction.Cardoso R., Love R., Nilsson C., Bergqvist S., Nowlin D., Yan J., Liu K., Zhu J., Chen P., Deng Y., Dyson H., Greig M., Brooun A. (Protein Sci. 2012 Dec; 21(12):1885-96)",Table 1 and Figure S3. SPR in Table 3.,0.0000014,-7.85,1919,2.52,7.5,20,"150 mM NaCl, 25 mM HEPES, 10% glycerol, 2 mM TCEP",,,,ITC,Crystal structure and affinity measurements are for higher affinity mutant.,"dH=2.7, dS=36.5. SPR Kd = 7.4e-6",PMID 19129502: submicromolar,2.0
143,1NVU_R:S,OG,1LF0_A,,Ras GTPase.GTP,2II0_B,,Son of sevenless,15507210.0,"Structural analysis of autoinhibition in the Ras activator Son of sevenless.Sondermann H., Soisson S., Boykevisch S., Yang S., Bar-Sagi D., Kuriyan J. (Cell. 2004 Oct 29; 119(3):393-405)",Fig.5,0.0000019,-7.8,3452,3.09,7.5,not stated,"25 mM Tris-Cl, 50 mM NaCl, 1 mM DTT",GNP,GTP,GTP,,Catalytic site,,,1.0
144,1LFD_B:A,OG,5P21_A,,Ras.GNP,1LXD_A,,RalGDS Ras-interacting domain,15197281.0,"Electrostatically optimized Ras-binding Ral guanine dissociation stiμlator μtants increase the rate of association by stabilizing the encounter complex.Kiel C., Selzer T., Shaul Y., Schreiber G., Herrmann C. (Proc Natl Acad Sci U S A. 2004 Jun 22; 101(25):9223-8)","Supp.Info, Table 2; PMID 9753431: Table 1; PMID 8636102: Table 1",0.00000194,-7.79,1167,1.79,7.4,25,"15 mM Hepes, 5 mM MgCl2",GNP/Mg,GNP/Mg,GNP/Mg,Stopped-flow fluorescence,,"kon = 7.7e6, koff = 1.49e+1, ITC: dG = -8.1, dH = -11.2, dS = -10.4 (calculated)",PMID 9753431: Kd = 1e-6. PMID 8636102: Kd = 1e-6.,1.0
145,2BTF_A:P,OX,1IJJ_B,,Actin,1PNE_A,,Profilin,9788869.0,"Effects of single amino acid substitutions in the actin-binding site on the biological activity of bovine profilin I.Schlüter K., Schleicher M., Jockusch B. (J Cell Sci. 1998 Nov; 111 ( Pt 22):3261-73)",Fig.4,0.0000023,-7.69,2063,0.75,7,room temperature,"0.01 M imidazole, 0.15 mM CaCl2, 1.5 mM DTE, 1 mM ATP, 2 mM MgCl2",ATP,ADP,ATP,Inhibition assay,,,,1.0
146,1F6M_A:C,ES,1CL0_A,,Thioredoxin reductase,2TIR_A,,Thioredoxin 1,19933368.0,"Thioredoxin system from Deinococcus radiodurans.Obiero J., Pittet V., Bonderoff S., Sanders D. (J Bacteriol. 2010 Jan; 192(2):494-501)",Table 2,0.0000027,-7.6,1830,4.9,8,room temperature,,,,,,Km value. Complex in the crystal in the flavin-reducing state.,,,1.0
147,3A4S_A:D,EI,1A3S_A,,SUMO-conjugating enzyme UBC9,3A4R_A,,NFATC2-interacting protein SLD2 ubiquitin-like domain,20077568.0,"Structural basis for regulation of poly-SUMO chain by a SUMO-like domain of Nip45.Sekiyama N., Arita K., Ikeda Y., Hashiguchi K., Ariyoshi M., Tochio H., Saitoh H., Shirakawa M. (Proteins. 2010 May 1; 78(6):1491-502)",Figure 3.,0.00000281,-7.57,1116,0.72,7.5,25,"50 mM Tris-HCl, 150 mM NaCl, 5 mM β-mercaptoethanol",,,,ITC,,"dH=-2.15, dS=18.27",,2.0
148,2TGP_Z:I,EI,1TGB_A,,Trypsinogen,9PTI_A,,BPTI,311834.0,The transition of bovine trypsinogen to a trypsin-like state upon strong ligand binding. II. The binding of the pancreatic trypsin inhibitor and of isoleucine-valine and of sequentially related peptides to trypsinogen and to p-guanidinobenzoate-trypsinogen.Bode W. (J Mol Biol. 1979 Feb 5; 127(4):357-74),Table II,0.0000024,-7.54,1432,0.57,8,20,"0.1M TRIS-HCl, 0.02M CaCl2",,,,Spectroscopic inhibition assay,,,,1.0
149,1MQ8_A:B,OX,1IAM_A,,ICAM-1 domain 1-2,1MQ9_A,,Integrin α-L I domain,12526797.0,"Structures of the α L I domain and its complex with ICAM-1 reveal a shape-shifting pathway for integrin regulation.Shimaoka M., Xiao T., Liu J., Yang Y., Dong Y., Jun C., McCormack A., Zhang R., Joachimiak A., Takagi J., Wang J., Springer T. (Cell. 2003 Jan 10; 112(1):99-111)",Table 1; PMID 11390397: Table II,0.000003,-7.53,1241,1.76,not stated,25,"Tris-buffered saline solution, 1mM MgCl2",,,,SPR,,"kon = 1.33e5, koff = 4.3e-1","PMID 11390397: Kd = 1.687e-7 (wild type), kon = 1.33e5, koff = 2.26e-2",1.0
150,1I4D_D:AB,OG,1MH1_A,,Rac GTPase,1I49_AB,,Arfaptin,11346801.0,"The structural basis of Arfaptin-mediated cross-talk between Rac and Arf signalling pathways.Tarricone C., Xiao B., Justin N., Walker P., Rittinger K., Gamblin S., Smerdon S. (Nature. 2001 May 10; 411(6834):215-9)",Fig.2; PMID 17003044: Fig.3B,0.000003,-7.46,1657,1.41,8.7,22,"500mM NaCl, 2mM MgCl2, 0.5mM b-mercaptoethanol, 50 mM Tris",GNP/Mg,GDP/Mg,GDP/Mg,ITC,,,"PMID 17003044: Kd = 1.9e-5,",1.0
151,1M27_AB:C,OX,1D4T_AB,,SAP-SLAM Complex,3UA6_A,,Fyn kinase SH3 domain,12545174.0,"SAP couples Fyn to SLAM imμne receptors.Chan B., Lanyi A., Song H., Griesbach J., Simarro-Grande M., Poy F., Howie D., Sumegi J., Terhorst C., Eck M. (Nat Cell Biol. 2003 Feb; 5(2):155-60)",Figure 3b. PMID 17599905: Table 2.,0.00000345,-7.45,799,1.22,8,25,50 mM sodium chloride,,,,ITC,"Complex is for Fyn interacting with SAP-SLAM, while affinity is for Fyn-SAP.","dH=-4.2, dS=10.8","PMID 17599905: SPR (37C), Kd=1.1e-5 and 6e-6",2.0
152,3R9A_AC:B,OR,1H0C_AB,,Alanine-glyoxylate aminotransferase,2C0M_A,,PEX5P TPR repeat domain,22529745.0,"Molecular requirements for peroxisomal targeting of alanine-glyoxylate aminotransferase as an essential determinant in primary hyperoxaluria type 1.Fodor K., Wolf J., Erdmann R., Schliebs W., Wilmanns M. (PLoS Biol. 2012; 10(4):e1001309)",Table S1. PMID 24205397: Table S1.,0.0000035,-7.44,1926,1.91,7.5,25,"100 mM HEPES, 150 mM NaCl, 2mM β-mercaptoethanol",,,,ITC,,"dH=+3.8, dS=37.7","PMID 24205397: ITC, Kd=1.4e-6, dH=+5.2, dS=41.3",2.0
153,1NVU_Q:S,OG,1LF0_A,,Ras GTPase.GTP,2II0_B,,Son of sevenless,15507210.0,"Structural analysis of autoinhibition in the Ras activator Son of sevenless.Sondermann H., Soisson S., Boykevisch S., Yang S., Bar-Sagi D., Kuriyan J. (Cell. 2004 Oct 29; 119(3):393-405)",Fig.5,0.0000036,-7.43,3127,1.98,7.5,not stated,"25 mM Tris-Cl, 50 mM NaCl, 1 mM DTT",GNP,GTP,GTP,Fluorescence anisotropy,Distal site,,,1.0
154,1EWY_A:C,ES,1GJR_A,,Ferredoxin reductase,1CZP_A,,Ferredoxin,1910307.0,"Interaction of ferredoxin-NADP+ reductase from Anabaena with its substrates.Sancho J., Gómez-Moreno C. (Arch Biochem Biophys. 1991 Jul; 288(1):231-8)",Table 2; PMID 6746626: Figure 2,0.00000357,-7.43,1502,0.8,8,25,50mM Tris-HCl,FAD (Flavin-adenine nucleotide),FAD (Flavin-adenine nucleotide),NADPH,Spectroscopic assay,,,"PMID: 6746626, 50mM HEPES, NADP+, pH=8, T=25, Kd=14.4e-6 (unreliable), Spectrophotometric assays",1.0
155,2MTA_HL:A,ES,2BBK_JM,,Methylamine dehydrogenase,2RAC_A,,Amicyanin,8347660.0,"Binding constants for a physiologic electron-transfer protein complex between methylamine dehydrogenase and amicyanin. Effects of ionic strength and bound copper on binding.Davidson V., Graichen M., Jones L. (Biochim Biophys Acta. 1993 Aug 16; 1144(1):39-45)",Table I; PMID 8363574: p.213,0.0000045,-7.42,1461,0.41,7.5,30,4.5 nM methylamine dehydrogenase and 2.5 mM amicyanin in 0.01 M potassium phosphate,,,,Spectroscopic inhibition assay,,,"PMID 8363574: Kd = 1.9e-6, stopped-flow fluorescence",1.0
156,1E96_A:B,OG,1MH1_A,,Rac GTPase,1HH8_A,,p67 Phox,11090627.0,"Structure of the TPR domain of p67phox in complex with Rac.GTP.Lapouge K., Smith S., Walker P., Gamblin S., Smerdon S., Rittinger K. (Mol Cell. 2000 Oct; 6(4):899-907)",Fig. 1. Rac1 Q61L,0.0000027,-7.42,1179,0.71,7,18,"25mM HEPES, 50mM NaCl, 5mM MgCl2, 2mM DTT",GNP/Mg,GTP/Mg,GTP/Mg,ITC,Rac1 Q61L,"dH = +6.5, dS=+47.98","PMID: 9228059: Kd = 1.24e-7, Fluorescence Spectrophotometry, 50 mM NaCl, 4 mM MgCl, 1.25 mM EGTA, 20 mM Tris-HCl, pH=7, 25C",1.0
157,4HX3_BD:A,EI,4HWX_AB,,Neutral proteinase inhibitor ScNPI,1C7K_A,,Zinc endoprotease,,"Chem. Sci., 2013, 4, 791",Page 792. PMID 10827083: Table 3.,0.000006,-7.41,2086,0.9,7.4,37,"20mM Tris-HCl, 150mM NaCl",,,,Spectroscopic inhibition assay,Dimer-dimer interaction,,PMID 10827083: Kd=1.6e-9,2.0
158,1HE8_B:A,OG,821P_A,,Ras GTPase,1E8Z_A,,PIP3 kinase,11136978.0,"Crystal structure and functional analysis of Ras binding to its effector phosphoinositide 3-kinase γ.Pacold M., Suire S., Perisic O., Lara-Gonzalez S., Davis C., Walker E., Hawkins P., Stephens L., Eccleston J., Williams R. (Cell. 2000 Dec 8; 103(6):931-43)",p.935; PMID 9307042: not stated; PMID 8665852: p.2443,0.0000032,-7.37,1305,0.92,7.5,20,"20 mM Tris, 2 mM MgCl2, 1 mM DTT",GNP/Mg,GNP/Mg,GNP/Mg,Stopped-flow fluometry,Crystal is a mutant,,Similar affinities available: 9307042 and 8665852,1.0
159,2VIS_AB:C,A,1GIG_LH,,Fab,2VIU_ACE,,Flu virus hemagglutinin,9461077.0,"Antigen distortion allows influenza virus to escape neutralization.Fleury D., Wharton S., Skehel J., Knossow M., Bizebard T. (Nat Struct Biol. 1998 Feb; 5(2):119-23)",Table 1,0.000004,-7.36,1296,0.8,not stated (BIAcore standard is 7.4),25,"not stated, but BIAcore standard buffer is 10 mM HEPES, 3.4 mM EDTA, 0.001% surfactant P-20, 150mM NaCl",,,,SPR,,"kon = 5.4e2, koff = 2.16e-3 (calculated)",,1.0
160,2X9A_D:C,OR,1S62_A,8.0,TolA C-terminal domain,2X9B_A,,G3P TolA binding domain,21110981.0,"The filamentous phages fd and IF1 use different mechanisms to infect Escherichia coli.Lorenz S., Jakob R., Weininger U., Balbach J., Dobbek H., Schmid F. (J Mol Biol. 2011 Jan 28; 405(4):989-1003)",Figure 6.,0.0000044,-7.31,1571,1.33,7,25,100 mM K-phosphate,,,,Fluorescence; stopped-flow,,"kon=2.37e5, koff=1.063",,2.0
161,1KLU_AB:D,OX,1H15_AB,,MHC class 2 HLA-DR1,1STE_A,,Staphylococcus enterotoxin C3,10229190.0,"Role of the T cell receptor α chain in stabilizing TCR-superantigen-MHC class II complexes.Andersen P., Lavoie P., Sékaly R., Churchill H., Kranz D., Schlievert P., Karjalainen K., Mariuzza R. (Imμnity. 1999 Apr; 10(4):473-83)",Fig.3,0.0000046,-7.28,1254,0.43,7.5,25,"10 mM Hepes, 3.4 mM EDTA, 150 mM NaCl, 0.005% Surfactant P-20",,,,SPR,,"koff = 2.4e-2, kon = 5.22e3 (calculated)",,1.0
162,3HI6_XY:B,A,3HI5_HL,,AL-57 FAB fragment,1MJN_A,,Integrin α-L I domain,16963559.0,"AL-57, a ligand-mimetic antibody to integrin LFA-1, reveals chemokine-induced affinity up-regulation in lymphocytes.Shimaoka M., Kim M., Cohen E., Yang W., Astrof N., Peer D., Salas A., Ferrand A., Springer T. (Proc Natl Acad Sci U S A. 2006 Sep 19; 103(38):13991-6)",Table 1,0.0000047,-7.27,1871,1.65,7.4,,10 mM Tris�HCl/140 mM NaCl/1 mM MgCl2/0.005% Tween 20,,,,SPR,,"kon=1.66e4, koff=5.4e-2",,2.0
163,2FJU_B:A,OG,2ZKM_X,,Phospholipase β 2,1MH1_A,,Rac GTPase,12657629.0,"The pleckstrin homology domain of phospholipase C-β2 as an effector site for Rac.Snyder J., Singer A., Wing M., Harden T., Sondek J. (J Biol Chem. 2003 Jun 6; 278(23):21099-104)",Table 1,0.0000053,-7.2,1245,1.04,not stated (standard is 7.4),25,"HEPES, 5mM MgCl2",GNP/Mg,GTP-gamma-S/Mg,GTP-gamma-S/Mg,SPR,,,,1.0
164,1QA9_A:B,OX,1HNF_A,,CD2,1CCZ_A,,CD58,7520278.0,"Human cell-adhesion molecule CD2 binds CD58 (LFA-3) with a very low affinity and an extremely fast dissociation rate but does not bind CD48 or CD59.van der Merwe P., Barclay A., Mason D., Davies E., Morgan B., Tone M., Krishnam A., Ianelli C., Davis S. (Biochemistry. 1994 Aug 23; 33(33):10149-60)",Fig. 7,0.000009,-7.16,1353,0.73,7.4,37,"HBS, 150mM NaCl, 1mM MgCl2, 1mM CaCl2, 10mM Na azide, 0.005% Surfactant P-20",,,,SPR,,"koff > 4, kon > 4e5.","Other values available, 4E-7 to 2E-5 are plausible.",1.0
165,1XQS_A:C,OX,1XQR_A,,HspBP1,1S3X_A,,Hsp70 ATPase domain,15694338.0,"Regulation of Hsp70 function by HspBP1: structural analysis reveals an alternate mechanism for Hsp70 nucleotide exchange.Shoμra Y., Dragovic Z., Chang H., Tzvetkov N., Young J., Brodsky J., Guerriero V., Hartl F., Bracher A. (Mol Cell. 2005 Feb 4; 17(3):367-79)",TableS2,0.0000065,-7.08,2350,1.77,7.4,room temperature,"HEPES-KOH, 200 mM KCl, 4 mM MgCl2, and 5 mM imidazole",ADP/Ca,AMP,ADP,SPR,E88G mutant,"Kd (ATP) = 7.6e-6, Kd (without nucleotide) = 6.2e-8",,1.0
166,1Z0K_A:B,OG,2BME_A,,Rab4A GTPase.GNP,1YZM_A,,RAB4 binding domain of Rabenosyn,16034420.0,"Structural basis of family-wide Rab GTPase recognition by rabenosyn-5.Eathiraj S., Pan X., Ritacco C., Lambright D. (Nature. 2005 Jul 21; 436(7049):415-9)",Figure 1,0.0000077,-6.98,1787,0.53,7.5,not stated,"10mM Tris, 160mM NaCl, 2mM MgCl2, 0.005% Tween 20",GNP/Mg,GTP/Mg,,SPR,,,,1.0
167,2PCB_A:B,ES,1CCP_A,,Cyt C peroxidase,1HRC_A,,Cytochrome C,9092837.0,"Cytochrome c/cytochrome c peroxidase complex: effect of binding-site μtations on the thermodynamics of complex formation.Erman J., Kresheck G., Vitello L., Miller M. (Biochemistry. 1997 Apr 1; 36(13):4054-60)",Table 1; PMID 7599130: Tables 1 and 2,0.00001,-6.82,1029,0.45,6,25,"0.010 M potassium phosphate, with added KNO3 to adjust the ionic strength to 0.050 M",,,,ITC,Complex is sensitive to ionic strength,"dH = +2.25, dS = +31",PMID 7599130: This paper has μch ITC data a various ionic strength and temperatures.,1.0
168,1GLA_G:F,ER,1BU6_0,,Glycerol Kinase,1F3Z_A,,Glucose specific IIIGlc,9538005.0,"Cation-promoted association of Escherichia coli phosphocarrier protein IIAGlc with regulatory target protein glycerol kinase: substitutions of a Zinc(II) ligand and implications for inducer exclusion.Pettigrew D., Meadow N., Roseman S., Remington S. (Biochemistry. 1998 Apr 7; 37(14):4875-83)",p.4878; PMID 2985549: p.812,0.000011,-6.76,1304,0.98,7,room temperature,"0.05 M triethanolamine-HCl (pH adjusted with KOH), 5 mM MgCl2, 20 mM KCl, 1 mM β-mercaptoethanol",,,,Spectroscopy,,Affinity of GK with Zn:IIIGlc is around 3e-7,"2985549 (50mM Na+ MES buffer, 10mM MgCl2, 2.5mM dithiothreitol, 5mM ATP, 0.5mM [14C]glycerol, inhibition assay): Ki = 4e-6 at at pH 6 and Ki = 1e-5 at pH 7",1.0
169,2AQ3_A:B,OX,1BEC_A,,TCR Vβ8.2,1CK1_A,,SEC3,20836565.0,"Assessing energetic contributions to binding from a disordered region in a protein-protein interaction .Cho S., Swaminathan C., Bonsor D., Kerzic M., Guan R., Yang J., Kieke M., Andersen P., Kranz D., Mariuzza R., Sundberg E. (Biochemistry. 2010 Nov 2; 49(43):9256-68)",Figure 2,0.000012,-6.71,1105,1.82,7.2,not stated,phosphate-buffered saline,,,,ITC,,"dH = -4.88, dS = +6.1 (assuming T=25C), dCp = -136",,1.0
170,1WQ1_R:G,OG,6Q21_D,,Ras GTPase.GDP,1WER_A,,Ras GAP,8262937.0,"Kinetics of interaction between normal and proline 12 Ras and the GTPase-activating proteins, p120-GAP and neurofibromin. The significance of the intrinsic GTPase rate in determining the transforming ability of ras.Eccleston J., Moore K., Morgan L., Skinner R., Lowe P. (J Biol Chem. 1993 Dec 25; 268(36):27012-9)",Table II,0.000017,-6.62,2913,1.16,7.5,30,"20 mM Tris-HCl, 1 mM MgCl2, 0.1 mM dithiothreitol, no NaCl",,GDP/Mg,mant-GTP/Mg,Fluorescence,Interaction strength dependent on ionic strength.,,,1.0
171,1AVZ_B:C,OX,1AVV_A,,HIV-1-NEF protein,1FYN_A,,Fyn kinase SH3 domain,9778343.0,"RT loop flexibility enhances the specificity of Src family SH3 domains for HIV-1 Nef.Arold S., O'Brien R., Franken P., Strub M., Hoh F., Dumas C., Ladbury J. (Biochemistry. 1998 Oct 20; 37(42):14683-91)",Table 1; PMID 7588629 : Table I,0.0000158,-6.55,1259,0.73,7.5,25,"20mM phosphate buffer, 2mM EGTA, and 5mM DTT, 500mM NaCl",,,,ITC,non cognate (see 1EFN),"dH = -0.53, dS = +20","PMID 7588629 (SPR, 25C, pH 7.4, 10 mM HEPES, 3.4 mM EDTA, 0.05% Surfactant P20, 150mM NaCl): Kd > 2e-5",1.0
172,1GCQ_B:C,OX,1GRI_B,,GRB2 C-ter SH3 domain,1GCP_B,,Vav N-ter SH3 domain,11406576.0,"Novel recognition mode between Vav and Grb2 SH3 domains.Nishida M., Nagata K., Hachimori Y., Horiuchi M., Ogura K., Mandiyan V., Schlessinger J., Inagaki F. (EMBO J. 2001 Jun 15; 20(12):2995-3007)",Table 3,0.000017,-6.51,1208,0.92,7.4,25,"10mM HEPES, 150mM NaCl, 3mM EDTA, 0.005% polysorbate 20, 2.5mM 2-mercaptoethanol",,,,SPR,,,,1.0
173,1AK4_A:D,OX,2CPL_A,,Cyclophilin,4J93_A,,HIV capsid,9223641.0,"Molecular recognition in the HIV-1 capsid/cyclophilin A complex.Yoo S., Myszka D., Yeh C., McMurray M., Hill C., Sundquist W. (J Mol Biol. 1997 Jun 27; 269(5):780-95)","Fig. 4; PMID 19767750: Fig.2, PMID 8980234: p.1287; PMID 19073742: p.2046",0.000016,-6.43,1029,1.33,6.5,20,"25 mM KPO4, 5 mM β-mercaptoethanol, 100 mM KCl",,,,ITC,,"SPR (same conditions): Kd = 1.8e-5. Equillibrium sedimentation (same conditions): Kd = 1.8e-5, DH = -9.5","PMID 19767750 (ITC): Kd = 5e-5, dCp = -285 dH = -6.053, dS = +3.49 (pH 8.3). PMID 8980234: Kd = 1.7e-5, data not shown. PMID 19073742: (ITC), Kd = 5e-6 to 7e-6, data not shown.",1.0
174,3DAW_A:B,OX,1IJJ_A,,α actin,2HD7_A,5.0,Twinfilin-1 C-terminal domain,18625842.0,"Structure of the actin-depolymerizing factor homology domain in complex with actin.Paavilainen V., Oksanen E., Goldman A., Lappalainen P. (J Cell Biol. 2008 Jul 14; 182(1):51-9)",Figure S1. PMID 12429826: Figures 3 and 4. PMID 16511569: Table 1.,0.00002,-6.41,2323,1.49,,,,,,,Fluorescence,"Affinity is with actin/ADP, structure is with actin ATP.",,"PMID 12429826: Kd=6e-4, koff=2.3. PMID 16511569: Kd=2.5e-6 to 4.0e-6",2.0
175,3H2V_A:E,OX,3MYI_A,,Vinculin tail domain,1WI6_A,8.0,Raver1 RRM1 domain,19523901.0,"Raver1 interactions with vinculin and RNA suggest a feed-forward pathway in directing mRNA to focal adhesions.Lee J., Rangarajan E., Yogesha S., Izard T. (Structure. 2009 Jun 10; 17(6):833-42)",Figure 2.,0.0000221,-6.31,1263,0.8,8,23,"20 mM Tris-HCl, 150 mM NaCl",,,,ITC,,"dH=-15.1, dS=-29.7",,2.0
176,2OOB_A:B,ES,2OOA_A,,E3 ubiquitin-protein ligase CBL-B UBA domain,1YJ1_A,,Ubiquitin,17897937.0,"Structural basis of ubiquitin recognition by the ubiquitin-associated (UBA) domain of the ubiquitin ligase EDD.Kozlov G., Nguyen L., Lin T., De Crescenzo G., Park M., Gehring K. (J Biol Chem. 2007 Dec 7; 282(49):35787-95)",p.35790; PMID 8363574: Fig.5; PMID 18596201: p.1809,0.00006,-5.66,808,0.85,7,19.85,"25 mm phosphate buffer, 70 mm NaCl",,,,ITC,,"SPR: Kd = 1.27e-4, 25C, pH 7.4, 10 mm HEPES, 150 mm NaCl, 3.4 mm EDTA, and 0.005% Tween 20","PMID 17679095: ITC, Kd = 5.7e5, dS = -3.98, dH = -8.815, pH 8, 19.85C, 50 mM Tris-HCl buffer, 100 mM NaCl, and 1 mM NaN3. PMID 18596201: Flourescence titration, Kd = 5.31e-5, room temperature",1.0
177,1AKJ_AB:DE,OX,2CLR_DE,,MHC class 1 HLA-A2,1CD8_AB,,T-cell CD8 coreceptor,10072074.0,"T cell receptor and coreceptor CD8 αα bind peptide-MHC independently and with distinct kinetics.Wyer J., Willcox B., Gao G., Gerth U., Davis S., Bell J., van der Merwe P., Jakobsen B. (Imμnity. 1999 Feb; 10(2):219-25)",Table 1,0.000126,-5.32,1995,1.14,7.4,25,"10 mM HEPES, 3.4 mM EDTA, and 0.005% Surfactant P20, 150mM NaCl",,,,SPR,,"Kon ? 140000, koff ? 18 s?1",,1.0
178,1S1Q_A:B,OX,2F0R_A,,UEV domain,1YJ1_A,,Ubiquitin,12006492.0,"Structure and functional interactions of the Tsg101 UEV domain.Pornillos O., Alam S., Rich R., Myszka D., Davis D., Sundquist W. (EMBO J. 2002 May 15; 21(10):2397-406)",Table II,0.000635,-4.29,1288,0.98,7.2,20,"20 mM sodium phosphate, 150mM NaCl, 0.05% bovine serum albumin, 0.01% P20",,,,SPR,,Kd = 3.54e-4 with 60mM NaCl,,1.0
